"req_id","req_status","priority","contract_refs","invariant_refs","scenario_refs","error_refs","evidence_level","coverage_status","notes","executed_evidence"
"REQ-D01","XN","P0","contracts/data/entities.yaml;contracts/data/identity.md;contracts/errors.yaml;contracts/modules.yaml;precode/baseline.json","I01;I08;I11","SC41;SC49","CAPABILITY_DENIED;FORBIDDEN_EDGE;RESTORE_UNVERIFIED;UNAUTHORIZED;UNAUTHORIZED_COMMAND","E2","COVERED","","PARTIAL_E1_E2: SC41;SC49"
"REQ-D02","XN","P0","precode/baseline.json","I01;I11","SC49","CAPABILITY_DENIED;FORBIDDEN_EDGE;RESTORE_UNVERIFIED;UNAUTHORIZED;UNAUTHORIZED_COMMAND","E2","COVERED","","PARTIAL_E1_E2: SC49"
"REQ-D04","XN","P0","contracts/errors.yaml;contracts/http/openapi.yaml;contracts/ops/deployment.md;contracts/ops/secrets.md;contracts/ports.yaml;contracts/telegram/delivery.md;contracts/ui/screens.yaml;precode/baseline.json","I01","SC40","CSRF_REJECTED;FORBIDDEN_EDGE;UNAUTHORIZED","E2","COVERED","","PARTIAL_E1_E2: SC40"
"REQ-D05","XN","P0","contracts/capabilities.yaml;contracts/data/entities.yaml;contracts/errors.yaml;contracts/http/openapi.yaml;contracts/ops/secrets.md;contracts/ports.yaml;contracts/ui/screens.yaml;precode/baseline.json;precode/decision-register.md","I01;I11;I12;I13;I15","SC40;SC44;SC51","AI_PROVIDER_UNAVAILABLE;CONFLICT;CSRF_REJECTED;FORBIDDEN_EDGE;STORAGE_WRITE_FAILED;UNAUTHORIZED;UNAUTHORIZED_COMMAND;VALIDATION_ERROR","E3","COVERED","fixture: sc51-first-time-setup.json","PARTIAL_E1_E2: SC40;SC44;SC51"
"REQ-D06","XN","P0","contracts/http/openapi.yaml;contracts/modules.yaml;contracts/ops/deployment.md;contracts/ops/secrets.md;contracts/ports.yaml;precode/baseline.json","","","","E0","PARTIAL","có hợp đồng, chưa có scenario",""
"REQ-D08","XN","P0","contracts/capabilities.yaml;contracts/http/openapi.yaml;contracts/modules.yaml;contracts/ops/collector-probe.md;contracts/ops/deployment.md;contracts/ports.yaml;contracts/schemas/ingest-receipt.schema.json;contracts/schemas/worker-assignment.schema.json;precode/baseline.json;precode/decision-register.md","I01;I02;I08;I11","SC21;SC31;SC41;SC49","CAPABILITY_DENIED;FORBIDDEN_EDGE;IDEMPOTENCY_CONFLICT;INGEST_ACK_LOST;INTERNAL;RESTORE_UNVERIFIED;UNAUTHORIZED;UNAUTHORIZED_COMMAND;VALIDATION_ERROR","E2","COVERED","AMD-B12 RATIFIED (OD-20260907-01); văn bản cam kết đã chốt","E1/E2: SC21;SC31"
"REQ-D42","XN","P0","contracts/capabilities.yaml;contracts/http/openapi.yaml;contracts/modules.yaml;contracts/ops/deployment.md;contracts/ports.yaml;contracts/retry-policy.yaml;contracts/state/analysis.yaml;precode/baseline.json;precode/decision-register.md","I01;I11","SC49","CAPABILITY_DENIED;FORBIDDEN_EDGE;RESTORE_UNVERIFIED;UNAUTHORIZED;UNAUTHORIZED_COMMAND","E2","COVERED","AMD-B12 RATIFIED (OD-20260907-01); văn bản cam kết đã chốt","PARTIAL_E1_E2: SC49"
"REQ-D50","XN","P0","contracts/ai/grounding.md;contracts/ai/tasks.yaml;contracts/capabilities.yaml;contracts/errors.yaml;contracts/modules.yaml;contracts/ops/deployment.md;contracts/ports.yaml;contracts/reporting/selection.md;precode/baseline.json;precode/decision-register.md","I01;I05;I06;I11;I12;I14","SC16;SC49;SC52","AI_ATTEMPT_UNCERTAIN;AI_OUTPUT_INVALID;AI_PROVIDER_UNAVAILABLE;CAPABILITY_DENIED;CONFLICT;EMBEDDING_GENERATION_MISMATCH;FORBIDDEN_EDGE;RESTORE_UNVERIFIED;STORAGE_WRITE_FAILED;UNAUTHORIZED;UNAUTHORIZED_COMMAND","E3","COVERED","blocked_by B12 — RATIFIED (OD-20260907-01) · fixture: k-zero-api-key-all-tasks-via-cli.json l-embedding-generation-switch-blocked.json n-embedding-generation-switch-positive.json","PARTIAL_E1_E2: SC16;SC49;SC52"
"REQ-D09","XN","P0","contracts/capabilities.yaml;contracts/http/openapi.yaml;contracts/modules.yaml;contracts/ops/collector-probe.md;contracts/ops/deployment.md;contracts/ports.yaml;contracts/schemas/worker-assignment.schema.json;precode/baseline.json;precode/decision-register.md","I01;I02;I10;I11;I12;I13","SC04;SC51","AI_PROVIDER_UNAVAILABLE;CSRF_REJECTED;STALE_LEASE;UNAUTHORIZED;UNAUTHORIZED_COMMAND;VALIDATION_ERROR;WORKER_LEASE_EXPIRED;X_CHALLENGE_REQUIRED","E3","COVERED","blocked_by B12 — RATIFIED (OD-20260907-01) · fixture: sc51-first-time-setup.json","PARTIAL_E1_E2: SC04;SC51"
"REQ-D31","XN","P0","contracts/data/entities.yaml;contracts/data/identity.md;contracts/http/openapi.yaml;contracts/ops/collector-probe.md;contracts/ops/internet-boundary.md;contracts/schemas/ingest-batch.schema.json;contracts/schemas/worker-assignment.schema.json;precode/baseline.json","I03;I17","SC07","IDENTITY_CONFLICT;SOURCE_METADATA_UNAVAILABLE","E1","COVERED","fixture: h-five-posts-thread-one-target.json","PARTIAL_E1_E2: SC07"
"REQ-D32","XN","P0","contracts/http/openapi.yaml;contracts/modules.yaml;contracts/ops/collector-probe.md;contracts/ops/internet-boundary.md;contracts/ports.yaml;contracts/schemas/worker-assignment.schema.json;precode/baseline.json","I11","SC39","CAPABILITY_DENIED;RATE_LIMITED;SOURCE_METADATA_UNAVAILABLE","E2","COVERED","blocked_by B12 — RATIFIED (OD-20260907-01)","PARTIAL_E1_E2: SC39"
"REQ-D33","ĐX","P0","contracts/data/entities.yaml;contracts/data/identity.md;contracts/errors.yaml;contracts/http/openapi.yaml;contracts/ops/collector-probe.md;contracts/ops/internet-boundary.md;contracts/ports.yaml;contracts/retry-policy.yaml;contracts/schemas/ingest-batch.schema.json;contracts/schemas/ingest-receipt.schema.json;contracts/schemas/saved-snapshot.schema.json;contracts/schemas/target.schema.json;contracts/schemas/worker-assignment.schema.json;contracts/state/run.yaml;contracts/ui/screens.yaml;precode/baseline.json;precode/decision-register.md","I03;I11;I13","SC11;SC29","AI_OUTPUT_INVALID;CAPABILITY_DENIED;RATE_LIMITED;SOURCE_METADATA_UNAVAILABLE;VALIDATION_ERROR","E4","COVERED","blocked_by B06 — RATIFIED (OD-20260907-01) · fixture: b-post-only-missing-ids.json","E1: SC29"
"REQ-D34","XN","P0","contracts/data/entities.yaml;contracts/ops/collector-probe.md;contracts/ops/internet-boundary.md;contracts/ports.yaml;precode/baseline.json;precode/decision-register.md","I11","SC39","CAPABILITY_DENIED;RATE_LIMITED;SOURCE_METADATA_UNAVAILABLE","E2","COVERED","XN 2026-09-07 theo OD-20260907-04 mục 2 (AUTH-OWNER-20260907-05): đồng bộ với precode/requirements.csv. Được giải BẰNG TÀI LIỆU, không bằng phép đo — bốn dữ kiện đọc từ tài liệu chính thức ngày 2026-09-07, xem precode/decision-register.md §8.13.2 và evidence/handoffs/PC03-REQA6-handoff.md. CẢNH BÁO TIỀN ĐỀ SAI: cụm yêu cầu email liên hệ của OpenAlex trong text_vi của dòng này là TRÍCH NGUYÊN VĂN SRC-SPEC:D34 và tiền đề đó KHÔNG đúng với tài liệu hiện hành — OpenAlex không đòi email liên hệ, không còn quy ước mailto/polite pool/User-Agent, api_key là TÙY CHỌN. XN ở đây nghĩa là NGHĨA VỤ ĐỌC TÀI LIỆU ĐÃ XONG, KHÔNG phải tiền đề đã đúng; sửa câu chữ đặc tả cần một AMD ở precode/decision-register.md §3 (đã báo Coordinator, chưa ai được giao). Nửa nhịp gọi đã có số: arXiv 1 request/3 giây và 1 kết nối; OpenAlex 100 request/giây. Nhãn DOCS_derived của contracts/retry-policy.yaml v0.8.0 hết hiệu lực khi nguồn đổi chính sách, nên XN này có hạn dùng.","PARTIAL_E1_E2: SC39"
"REQ-D10","XN","P0","contracts/http/openapi.yaml;contracts/ports.yaml;contracts/retry-policy.yaml;contracts/state/run.yaml;precode/baseline.json","I01;I10;I13;I15","SC01;SC33","CONFLICT;RESTORE_UNVERIFIED;STORAGE_WRITE_FAILED;UNAUTHORIZED;UNAUTHORIZED_COMMAND;VALIDATION_ERROR","E2","COVERED","fixture: i-run-now-while-active.json","E2: SC33"
"REQ-D11","ĐX","P0","contracts/capabilities.yaml;contracts/data/entities.yaml;contracts/errors.yaml;contracts/http/openapi.yaml;contracts/modules.yaml;contracts/ops/deployment.md;contracts/ports.yaml;contracts/retry-policy.yaml;contracts/schemas/worker-assignment.schema.json;contracts/state/run.yaml;contracts/telegram/commands.yaml;contracts/ui/screens.yaml;precode/baseline.json;precode/decision-register.md","I01;I02;I10;I15","SC01;SC20","RESTORE_UNVERIFIED;STALE_LEASE;STORAGE_WRITE_FAILED;UNAUTHORIZED;WORKER_LEASE_EXPIRED","E2","COVERED","blocked_by B12 — RATIFIED (OD-20260907-01)","E2: SC20"
"REQ-D12","ĐX","P0","contracts/data/entities.yaml;contracts/http/openapi.yaml;contracts/ops/deployment.md;contracts/ports.yaml;contracts/reporting/time-and-tags.md;contracts/schemas/worker-assignment.schema.json;contracts/state/run.yaml;contracts/ui/screens.yaml;precode/baseline.json;precode/decision-register.md","","","","E0","PARTIAL","blocked_by B04 — RATIFIED (OD-20260907-01) · có hợp đồng, chưa có scenario",""
"REQ-D13","XN","P0","contracts/data/entities.yaml;contracts/ports.yaml;contracts/retry-policy.yaml;contracts/state/run.yaml;contracts/ui/screens.yaml;precode/baseline.json;precode/decision-register.md","I01;I06;I10;I13;I15","SC01;SC02;SC34","RESTORE_UNVERIFIED;STORAGE_WRITE_FAILED;UNAUTHORIZED;VALIDATION_ERROR","E2","COVERED","AMD-B08 RATIFIED (OD-20260907-01); văn bản cam kết đã chốt · fixture: f-three-offline-periods-one-catchup.json j-dst-boundary-occurrences.json","E2: SC34"
"REQ-D14","UQ","P0","contracts/data/entities.yaml;contracts/http/openapi.yaml;contracts/ports.yaml;contracts/schemas/worker-assignment.schema.json;contracts/state/run.yaml;precode/baseline.json;precode/decision-register.md","I02;I10;I13","SC33;SC35","CONFLICT;STALE_LEASE;UNAUTHORIZED;UNAUTHORIZED_COMMAND;VALIDATION_ERROR","E2","COVERED","AMD-B02 RATIFIED (OD-20260907-01); văn bản cam kết đã chốt · fixture: i-run-now-while-active.json k-cancel-from-every-non-terminal.json","E2: SC33"
"REQ-D15","ĐX","P0","contracts/data/entities.yaml;contracts/ports.yaml;contracts/retry-policy.yaml;contracts/schemas/worker-assignment.schema.json;contracts/state/run.yaml;contracts/telegram/delivery.md;precode/baseline.json;precode/decision-register.md","I06;I13","SC02","STORAGE_WRITE_FAILED","E2","COVERED","AMD-B08 RATIFIED (OD-20260907-01); văn bản cam kết đã chốt · fixture: f-three-offline-periods-one-catchup.json","PARTIAL_E1_E2: SC02"
"REQ-D16","ĐX","P0","contracts/ports.yaml;contracts/retry-policy.yaml;contracts/state/run.yaml;contracts/telegram/delivery.md;precode/baseline.json;precode/decision-register.md","I06;I13","SC02","STORAGE_WRITE_FAILED","E2","COVERED","fixture: f-three-offline-periods-one-catchup.json","PARTIAL_E1_E2: SC02"
"REQ-CTAG","XN","P0","contracts/errors.yaml;contracts/ports.yaml;contracts/reporting/time-and-tags.md;contracts/state/report.yaml;precode/baseline.json;precode/decision-register.md","I05;I09","SC05;SC19","TAG_VERSION_STALE;TELEGRAM_SEND_UNCERTAIN;UNAUTHORIZED","E2","COVERED","AMD-B01 RATIFIED (OD-20260907-01); văn bản cam kết đã chốt · fixture: a-tag-removed-before-publish.json c-tag-changed-after-publish-before-send.json","E1: SC05"
"REQ-D22","ĐX","P0","contracts/ai/grounding.md;contracts/ai/tasks.yaml;contracts/data/entities.yaml;contracts/reporting/selection.md;contracts/schemas/analysis-result.schema.json;contracts/schemas/saved-snapshot.schema.json;precode/baseline.json;precode/decision-register.md","I02;I04;I05;I06;I07;I09;I12;I13;I16","SC50","AI_OUTPUT_INVALID;STORAGE_WRITE_FAILED;TELEGRAM_SEND_UNCERTAIN","E2","COVERED","fixture: a-happy-path-schedule-to-delivered.json b-instruction-injection-in-post.json","PARTIAL_E1_E2: SC50"
"REQ-D23","ĐX","P0","contracts/data/entities.yaml;contracts/errors.yaml;contracts/ports.yaml;contracts/reporting/time-and-tags.md;contracts/schemas/report.schema.json;contracts/state/report.yaml;contracts/ui/screens.yaml;precode/baseline.json;precode/decision-register.md","I05;I09","SC05;SC19","TAG_VERSION_STALE;TELEGRAM_SEND_UNCERTAIN;UNAUTHORIZED","E2","COVERED","AMD-B01 RATIFIED (OD-20260907-01); văn bản cam kết đã chốt · fixture: a-tag-removed-before-publish.json c-tag-changed-after-publish-before-send.json","E1: SC05"
"REQ-D24","UQ","P0","contracts/http/openapi.yaml;contracts/ops/collector-probe.md;contracts/reporting/time-and-tags.md;contracts/schemas/ingest-batch.schema.json;contracts/schemas/worker-assignment.schema.json;contracts/state/run.yaml;precode/baseline.json;precode/decision-register.md","I05","SC05","TAG_VERSION_STALE;UNAUTHORIZED","E1","COVERED","AMD-B01 RATIFIED (OD-20260907-01); văn bản cam kết đã chốt · fixture: a-tag-removed-before-publish.json","E1: SC05"
"REQ-D46","XN","P0","contracts/http/openapi.yaml;contracts/ports.yaml;contracts/reporting/selection.md;contracts/ui/screens.yaml;precode/baseline.json","I01;I02;I04;I05;I06;I07;I09;I11;I12;I13;I16","SC50;SC51","AI_OUTPUT_INVALID;AI_PROVIDER_UNAVAILABLE;CSRF_REJECTED;STORAGE_WRITE_FAILED;TELEGRAM_SEND_UNCERTAIN;UNAUTHORIZED;UNAUTHORIZED_COMMAND;VALIDATION_ERROR","E3","COVERED","fixture: a-happy-path-schedule-to-delivered.json sc51-first-time-setup.json","PARTIAL_E1_E2: SC50;SC51"
"REQ-D47","KC","P0","contracts/data/entities.yaml;contracts/reporting/selection.md;contracts/ui/screens.yaml;precode/baseline.json","","","","E0","PARTIAL","KC: cần đo thật, phê chuẩn không thay thế được phép đo · có hợp đồng, chưa có scenario",""
"REQ-D48","XN","P0","contracts/ai/grounding.md;contracts/ai/providers.yaml;contracts/ai/tasks.yaml;contracts/capabilities.yaml;contracts/data/entities.yaml;contracts/errors.yaml;contracts/http/openapi.yaml;contracts/modules.yaml;contracts/ports.yaml;contracts/reporting/selection.md;contracts/schemas/analysis-result.schema.json;contracts/ui/screens.yaml;precode/baseline.json","I05;I06;I11;I12;I14","SC16;SC24;SC52","AI_ATTEMPT_UNCERTAIN;AI_OUTPUT_INVALID;AI_PROVIDER_UNAVAILABLE;CAPABILITY_DENIED;CONFLICT;EMBEDDING_GENERATION_MISMATCH;STORAGE_WRITE_FAILED;TAG_VERSION_STALE","E3","COVERED","fixture: k-zero-api-key-all-tasks-via-cli.json l-embedding-generation-switch-blocked.json n-embedding-generation-switch-positive.json","E2: SC24"
"REQ-D49","UQ","P0","contracts/reporting/selection.md;precode/baseline.json","I05;I06;I12","SC24;SC52","CONFLICT;EMBEDDING_GENERATION_MISMATCH;STORAGE_WRITE_FAILED;TAG_VERSION_STALE","E2","COVERED","fixture: n-embedding-generation-switch-positive.json","E2: SC24"
"REQ-D59","UQ","P0","contracts/ports.yaml;contracts/reporting/selection.md;precode/baseline.json","I05;I06;I12","SC24;SC52","CONFLICT;EMBEDDING_GENERATION_MISMATCH;STORAGE_WRITE_FAILED;TAG_VERSION_STALE","E2","COVERED","fixture: n-embedding-generation-switch-positive.json","E2: SC24"
"REQ-D17","XN","P0","contracts/data/entities.yaml;contracts/data/identity.md;contracts/data/invariants.md;contracts/errors.yaml;contracts/http/openapi.yaml;contracts/ports.yaml;contracts/schemas/ingest-receipt.schema.json;contracts/schemas/target.schema.json;precode/baseline.json;precode/decision-register.md","I03;I04;I05;I07;I17","SC07;SC23;SC29;SC30","CONFLICT;IDENTITY_CONFLICT;SOURCE_METADATA_UNAVAILABLE;VALIDATION_ERROR","E1","COVERED","AMD-B15 RATIFIED (OD-20260907-01); văn bản cam kết đã chốt · fixture: a-merge-doi-arxiv.json c-identity-conflict.json g-arxiv-version-v1-v2.json h-five-posts-thread-one-target.json","E1: SC29"
"REQ-D18","ĐX","P1","precode/baseline.json;precode/decision-register.md","","","","E0","DEFERRED_P1","",""
"REQ-D19","XN","P0","contracts/ai/grounding.md;contracts/ai/tasks.yaml;contracts/http/openapi.yaml;contracts/ports.yaml;contracts/schemas/analysis-result.schema.json;precode/baseline.json;precode/decision-register.md","I05;I06;I16","SC10;SC22","AI_OUTPUT_INVALID;AI_PROVIDER_UNAVAILABLE;CONFLICT;TELEGRAM_SEND_UNCERTAIN","E4","COVERED","AMD-B17 RATIFIED (OD-20260907-01); văn bản cam kết đã chốt · fixture: e-late-analysis-pending-then-late-discovery.json sc10-same-analysis-revision-app-and-telegram.json","PARTIAL_E1_E2: SC10;SC22"
"REQ-D20","XN","P0","contracts/ai/grounding.md;contracts/ai/tasks.yaml;contracts/http/openapi.yaml;contracts/ports.yaml;contracts/schemas/analysis-result.schema.json;contracts/schemas/saved-snapshot.schema.json;contracts/state/analysis.yaml;contracts/telegram/delivery.md;contracts/ui/screens.yaml;precode/baseline.json;precode/decision-register.md","I03;I05;I08;I11;I13;I16","SC10;SC11;SC48","AI_OUTPUT_INVALID;CAPABILITY_DENIED;CONFLICT;RATE_LIMITED;SOURCE_METADATA_UNAVAILABLE;TELEGRAM_SEND_UNCERTAIN;VALIDATION_ERROR","E4","COVERED","AMD-B16 RATIFIED (OD-20260907-01); văn bản cam kết đã chốt · fixture: a-post-only-summary-inference-labelled.json sc10-same-analysis-revision-app-and-telegram.json","E1: SC48"
"REQ-D21","ĐX","P0","contracts/ai/grounding.md;contracts/ai/tasks.yaml;contracts/data/entities.yaml;contracts/data/identity.md;contracts/http/openapi.yaml;contracts/ports.yaml;contracts/schemas/analysis-result.schema.json;contracts/schemas/report.schema.json;contracts/schemas/saved-snapshot.schema.json;contracts/state/analysis.yaml;contracts/telegram/delivery.md;contracts/ui/screens.yaml;precode/baseline.json;precode/decision-register.md","I03;I05;I11;I13;I16","SC10;SC11;SC29","AI_OUTPUT_INVALID;CAPABILITY_DENIED;RATE_LIMITED;SOURCE_METADATA_UNAVAILABLE;TELEGRAM_SEND_UNCERTAIN;VALIDATION_ERROR","E4","COVERED","fixture: a-post-only-summary-inference-labelled.json b-post-only-missing-ids.json sc10-same-analysis-revision-app-and-telegram.json","E1: SC29"
"REQ-D25","XN","P0","contracts/ai/tasks.yaml;contracts/data/entities.yaml;contracts/data/invariants.md;contracts/http/openapi.yaml;contracts/ports.yaml;contracts/reporting/selection.md;contracts/reporting/time-and-tags.md;contracts/schemas/analysis-result.schema.json;contracts/state/analysis.yaml;precode/baseline.json;precode/decision-register.md","I04;I05;I14;I16","SC06;SC28;SC54","AI_ATTEMPT_UNCERTAIN;AI_OUTPUT_INVALID;AI_PROVIDER_UNAVAILABLE;CONFLICT;IDEMPOTENCY_CONFLICT","E2","COVERED","AMD-B07 RATIFIED (OD-20260907-01); văn bản cam kết đã chốt · fixture: b-tag-removed-then-readded-reuse-analysis.json g-arxiv-version-v1-v2.json j-same-key-resubmitted-one-result.json","E2: SC28"
"REQ-D26","ĐX","P0","contracts/ai/tasks.yaml;contracts/data/entities.yaml;contracts/data/identity.md;contracts/data/invariants.md;contracts/http/openapi.yaml;contracts/ports.yaml;contracts/reporting/time-and-tags.md;contracts/schemas/analysis-result.schema.json;contracts/state/analysis.yaml;contracts/ui/screens.yaml;precode/baseline.json;precode/decision-register.md","I03;I04;I05;I14;I16","SC06;SC28;SC30;SC54","AI_ATTEMPT_UNCERTAIN;AI_OUTPUT_INVALID;AI_PROVIDER_UNAVAILABLE;CONFLICT;IDEMPOTENCY_CONFLICT;IDENTITY_CONFLICT","E2","COVERED","AMD-B07 RATIFIED (OD-20260907-01); văn bản cam kết đã chốt · fixture: b-tag-removed-then-readded-reuse-analysis.json g-arxiv-version-v1-v2.json","E2: SC28"
"REQ-D27","XN","P0","contracts/data/entities.yaml;contracts/errors.yaml;contracts/ports.yaml;contracts/reporting/time-and-tags.md;contracts/schemas/report.schema.json;contracts/state/report.yaml;precode/baseline.json;precode/decision-register.md","I05;I06;I12","SC08","CONFLICT;EMBEDDING_GENERATION_MISMATCH;TAG_VERSION_STALE","E2","COVERED","AMD-B04, AMD-B08 RATIFIED (OD-20260907-01); văn bản cam kết đã chốt · fixture: d-empty-period-coverage-only.json f-three-offline-periods-one-catchup.json g-concurrent-publishers-cas.json k-builder-crash-backfill-not-consumed.json","E2: SC08"
"REQ-D28","XN","P0","contracts/data/entities.yaml;contracts/http/openapi.yaml;contracts/ports.yaml;contracts/reporting/time-and-tags.md;contracts/schemas/report.schema.json;contracts/state/report.yaml;contracts/ui/screens.yaml;precode/baseline.json;precode/decision-register.md","I05;I06","SC22;SC37;SC38","AI_OUTPUT_INVALID;AI_PROVIDER_UNAVAILABLE;CONFLICT;INTERNAL;STORAGE_WRITE_FAILED;VALIDATION_ERROR","E2","COVERED","AMD-B04 RATIFIED (OD-20260907-01); văn bản cam kết đã chốt · fixture: j-backfill-add-remove-readd.json k-builder-crash-backfill-not-consumed.json","E2: SC37;SC38"
"REQ-D29","XN","P0","contracts/data/entities.yaml;contracts/data/identity.md;contracts/http/openapi.yaml;contracts/ports.yaml;contracts/reporting/selection.md;contracts/reporting/time-and-tags.md;contracts/schemas/report.schema.json;contracts/schemas/saved-snapshot.schema.json;contracts/state/report.yaml;contracts/telegram/delivery.md;contracts/ui/screens.yaml;precode/baseline.json;precode/decision-register.md","I03;I04;I05;I07;I17","SC09;SC30","CONFLICT;IDENTITY_CONFLICT","E2","COVERED","AMD-B15 RATIFIED (OD-20260907-01); văn bản cam kết đã chốt · fixture: h-already-announced-work-becomes-reference.json i-identity-merge-single-first-announced.json","PARTIAL_E1_E2: SC09;SC30"
"REQ-D30","UQ","P0","contracts/http/openapi.yaml;contracts/ports.yaml;contracts/reporting/selection.md;contracts/reporting/time-and-tags.md;contracts/schemas/report.schema.json;contracts/ui/screens.yaml;precode/baseline.json","I05;I07;I17","SC09","CONFLICT;IDENTITY_CONFLICT","E2","COVERED","fixture: h-already-announced-work-becomes-reference.json","PARTIAL_E1_E2: SC09"
"REQ-D45","UQ","P0","contracts/http/openapi.yaml;contracts/ports.yaml;contracts/ui/screens.yaml;precode/baseline.json","","","","E0","PARTIAL","có hợp đồng, chưa có scenario",""
"REQ-D52","XN","P0","contracts/reporting/selection.md;precode/baseline.json;precode/decision-register.md;precode/owner-decision-request.md","","","","E0","PARTIAL","blocked_by B14 — RATIFIED (OD-20260907-01) · phủ bằng cổng G7 (precode/gates.yaml), không bằng scenario · có hợp đồng, chưa có scenario",""
"REQ-D53","ĐX","P0","contracts/ai/grounding.md;contracts/ai/tasks.yaml;contracts/http/openapi.yaml;contracts/ports.yaml;contracts/reporting/selection.md;contracts/reporting/time-and-tags.md;contracts/schemas/report.schema.json;contracts/telegram/delivery.md;contracts/ui/screens.yaml;precode/baseline.json;precode/decision-register.md","I02;I04;I05;I06;I07;I09;I12;I13;I16","SC50","AI_OUTPUT_INVALID;STORAGE_WRITE_FAILED;TELEGRAM_SEND_UNCERTAIN","E2","COVERED","blocked_by B14 — RATIFIED (OD-20260907-01) · fixture: a-happy-path-schedule-to-delivered.json m-density-worked-example.json","PARTIAL_E1_E2: SC50"
"REQ-D54","XN","P0","contracts/ai/grounding.md;contracts/ai/tasks.yaml;contracts/http/openapi.yaml;contracts/ports.yaml;contracts/reporting/selection.md;contracts/schemas/analysis-result.schema.json;contracts/schemas/report.schema.json;contracts/telegram/delivery.md;contracts/ui/screens.yaml;precode/baseline.json;precode/decision-register.md","I02;I03;I04;I05;I06;I07;I09;I11;I12;I13;I16","SC11;SC50","AI_OUTPUT_INVALID;CAPABILITY_DENIED;RATE_LIMITED;SOURCE_METADATA_UNAVAILABLE;STORAGE_WRITE_FAILED;TELEGRAM_SEND_UNCERTAIN;VALIDATION_ERROR","E4","COVERED","blocked_by B14;B16 — RATIFIED (OD-20260907-01) · fixture: a-happy-path-schedule-to-delivered.json m-density-worked-example.json","PARTIAL_E1_E2: SC11;SC50"
"REQ-D57","UQ","P0","contracts/data/entities.yaml;contracts/ports.yaml;contracts/reporting/time-and-tags.md;contracts/schemas/report.schema.json;contracts/state/delivery.yaml;contracts/state/report.yaml;contracts/state/run.yaml;contracts/telegram/delivery.md;contracts/ui/screens.yaml;precode/baseline.json;precode/decision-register.md","I05;I06;I09;I12;I13","SC08;SC15","CONFLICT;EMBEDDING_GENERATION_MISMATCH;NOT_FOUND;SOURCE_LAYOUT_CHANGED;STORAGE_WRITE_FAILED;TAG_VERSION_STALE;X_ACCESS_BLOCKED","E4","COVERED","AMD-B04 RATIFIED (OD-20260907-01); văn bản cam kết đã chốt · fixture: d-empty-period-coverage-only.json m-three-run-states-distinct-text.json","E2: SC08"
"REQ-D35","XN","P0","contracts/capabilities.yaml;contracts/data/entities.yaml;contracts/errors.yaml;contracts/http/openapi.yaml;contracts/ports.yaml;contracts/state/delivery.yaml;contracts/telegram/commands.yaml;contracts/ui/screens.yaml;precode/baseline.json;precode/decision-register.md","I01;I09;I11;I12","SC18;SC25;SC47;SC51","AI_PROVIDER_UNAVAILABLE;CSRF_REJECTED;FORBIDDEN_EDGE;RATE_LIMITED;TELEGRAM_PERMANENT_FAILURE;UNAUTHORIZED;UNAUTHORIZED_COMMAND;VALIDATION_ERROR","E3","COVERED","AMD-B09 RATIFIED (OD-20260907-01); văn bản cam kết đã chốt · fixture: e-relink-old-generation-cancelled.json g-link-code-used-twice.json i-unknown-chat-valid-code-format.json sc51-first-time-setup.json","E2: SC18;SC47"
"REQ-D36","XN","P0","contracts/capabilities.yaml;contracts/data/entities.yaml;contracts/errors.yaml;contracts/http/openapi.yaml;contracts/ports.yaml;contracts/state/delivery.yaml;contracts/telegram/commands.yaml;contracts/ui/screens.yaml;precode/baseline.json;precode/decision-register.md","I10;I13","SC33;SC45","CONFLICT;UNAUTHORIZED_COMMAND;VALIDATION_ERROR","E2","COVERED","AMD-B10 RATIFIED (OD-20260907-01); văn bản cam kết đã chốt · fixture: i-run-now-while-active.json l-run-now-while-needs-user.json","E2: SC33"
"REQ-D37","ĐX","P0","contracts/data/entities.yaml;contracts/http/openapi.yaml;contracts/ports.yaml;contracts/state/delivery.yaml;contracts/telegram/commands.yaml;contracts/ui/screens.yaml;precode/baseline.json;precode/decision-register.md","I09;I11","SC18;SC25;SC47","CSRF_REJECTED;FORBIDDEN_EDGE;RATE_LIMITED;TELEGRAM_PERMANENT_FAILURE;UNAUTHORIZED_COMMAND;VALIDATION_ERROR","E2","COVERED","AMD-B10 RATIFIED (OD-20260907-01); văn bản cam kết đã chốt · fixture: d-unlink-before-send-cancelled.json e-relink-old-generation-cancelled.json","E2: SC18;SC47"
"REQ-D38","ĐX","P0","contracts/data/entities.yaml;contracts/data/invariants.md;contracts/http/openapi.yaml;contracts/ports.yaml;contracts/schemas/saved-snapshot.schema.json;contracts/state/delivery.yaml;contracts/telegram/commands.yaml;contracts/telegram/delivery.md;precode/baseline.json;precode/decision-register.md","I05;I08;I09;I13;I17","SC13;SC14;SC46","CONFLICT;IDEMPOTENCY_CONFLICT;NOT_FOUND;RATE_LIMITED;TELEGRAM_PERMANENT_FAILURE;TELEGRAM_SEND_UNCERTAIN;UNAUTHORIZED;UNAUTHORIZED_COMMAND;VALIDATION_ERROR","E3","COVERED","AMD-B03 RATIFIED (OD-20260907-01); văn bản cam kết đã chốt · fixture: d-concurrent-save-app-telegram.json f-stale-callback-no-save.json j-concurrent-save-app-telegram.json","E2: SC13"
"REQ-D55","UQ","P0","contracts/data/entities.yaml;contracts/data/invariants.md;contracts/http/openapi.yaml;contracts/ports.yaml;contracts/reporting/time-and-tags.md;contracts/schemas/saved-snapshot.schema.json;contracts/telegram/commands.yaml;contracts/ui/screens.yaml;precode/baseline.json;precode/decision-register.md","I01;I08;I15;I17","SC12;SC13;SC32;SC46;SC48","CONFLICT;IDEMPOTENCY_CONFLICT;NOT_FOUND;RESTORE_UNVERIFIED;STORAGE_WRITE_FAILED;UNAUTHORIZED;UNAUTHORIZED_COMMAND;VALIDATION_ERROR","E2","COVERED","fixture: d-concurrent-save-app-telegram.json e-source-deleted-snapshot-intact.json j-concurrent-save-app-telegram.json k-save-then-source-deleted.json","E1/E2: SC12;SC13;SC48"
"REQ-D56","UQ","P0","contracts/http/openapi.yaml;contracts/ports.yaml;contracts/reporting/time-and-tags.md;contracts/state/run.yaml;precode/baseline.json;precode/decision-register.md","I06;I13","SC02;SC34","STORAGE_WRITE_FAILED;VALIDATION_ERROR","E2","COVERED","AMD-B08 RATIFIED (OD-20260907-01); văn bản cam kết đã chốt · fixture: j-dst-boundary-occurrences.json","E2: SC34"
"REQ-D58","UQ","P0","contracts/data/entities.yaml;contracts/data/identity.md;contracts/data/invariants.md;contracts/errors.yaml;contracts/http/openapi.yaml;contracts/ops/backup-restore.md;contracts/ports.yaml;contracts/state/storage.yaml;contracts/telegram/commands.yaml;precode/baseline.json;precode/decision-register.md","I01;I08;I09;I10;I13;I15;I17","SC12;SC27;SC32;SC42;SC43;SC44;SC53","CONFLICT;CSRF_REJECTED;INTERNAL;NOT_FOUND;RESTORE_UNVERIFIED;STALE_LEASE;STORAGE_WRITE_FAILED;TELEGRAM_SEND_UNCERTAIN;UNAUTHORIZED;VALIDATION_ERROR","E3","COVERED","AMD-B11 RATIFIED (OD-20260907-01); văn bản cam kết đã chốt · fixture: e-source-deleted-snapshot-intact.json k-save-then-source-deleted.json","E2: SC12;SC27;SC42;SC53"
"REQ-D07","XN","P0","contracts/data/entities.yaml;contracts/modules.yaml;contracts/ops/deployment.md;precode/baseline.json;precode/decision-register.md","I02;I04;I05;I06;I07;I09;I12;I13;I15;I16","SC26;SC36;SC43;SC50","AI_OUTPUT_INVALID;INTERNAL;RESTORE_UNVERIFIED;STORAGE_WRITE_FAILED;TELEGRAM_SEND_UNCERTAIN","E3","COVERED","fixture: a-happy-path-schedule-to-delivered.json l-storage-write-blocked-mid-run.json","E2: SC26"
"REQ-D39","XN","P0","contracts/ai/providers.yaml;contracts/ai/tasks.yaml;contracts/data/entities.yaml;contracts/http/openapi.yaml;contracts/ports.yaml;contracts/ui/screens.yaml;precode/baseline.json","I01;I11;I12","SC51","AI_PROVIDER_UNAVAILABLE;CSRF_REJECTED;UNAUTHORIZED;UNAUTHORIZED_COMMAND;VALIDATION_ERROR","E3","COVERED","fixture: sc51-first-time-setup.json","PARTIAL_E1_E2: SC51"
"REQ-D40","UQ","P0","contracts/ai/providers.yaml;contracts/ai/tasks.yaml;contracts/http/openapi.yaml;contracts/ports.yaml;precode/baseline.json","","","","E0","PARTIAL","có hợp đồng, chưa có scenario",""
"REQ-D41","XN","P0","contracts/ai/providers.yaml;contracts/ai/tasks.yaml;contracts/capabilities.yaml;contracts/data/entities.yaml;contracts/http/openapi.yaml;contracts/modules.yaml;contracts/ops/cli-acp-probe.md;contracts/ops/secrets.md;contracts/ports.yaml;contracts/schemas/analysis-result.schema.json;contracts/ui/screens.yaml;precode/baseline.json;precode/decision-register.md","I01;I11;I12;I14","SC16;SC51;SC55","AI_ATTEMPT_UNCERTAIN;AI_OUTPUT_INVALID;AI_PROVIDER_UNAVAILABLE;CAPABILITY_DENIED;CSRF_REJECTED;UNAUTHORIZED;UNAUTHORIZED_COMMAND;VALIDATION_ERROR","E3","COVERED","blocked_by B13 — RATIFIED (OD-20260907-01) · fixture: k-zero-api-key-all-tasks-via-cli.json sc51-first-time-setup.json","PARTIAL_E1_E2: SC16;SC51"
"REQ-D43","ĐX","P0","contracts/ai/providers.yaml;contracts/ai/tasks.yaml;contracts/capabilities.yaml;contracts/data/entities.yaml;contracts/errors.yaml;contracts/http/openapi.yaml;contracts/ops/cli-acp-probe.md;contracts/ports.yaml;contracts/retry-policy.yaml;contracts/schemas/analysis-result.schema.json;contracts/state/analysis.yaml;precode/baseline.json;precode/decision-register.md","I04;I11;I14;I16","SC16;SC28;SC55;SC56","AI_ATTEMPT_UNCERTAIN;AI_OUTPUT_INVALID;AI_PROVIDER_UNAVAILABLE;CAPABILITY_DENIED;CONFLICT","E3","COVERED","blocked_by B13 — RATIFIED (OD-20260907-01) · fixture: c-citation-to-unknown-source.json d-schema-valid-but-uncited.json g-cli-json-embedded-in-prose.json i-crash-after-provider-completion.json","E2: SC28"
"REQ-D44","ĐX","P0","contracts/ai/providers.yaml;contracts/ai/tasks.yaml;contracts/data/entities.yaml;contracts/data/invariants.md;contracts/errors.yaml;contracts/http/openapi.yaml;contracts/ops/cli-acp-probe.md;contracts/ports.yaml;contracts/retry-policy.yaml;contracts/schemas/analysis-result.schema.json;contracts/state/analysis.yaml;precode/baseline.json;precode/decision-register.md","I04;I11;I14;I16","SC16;SC28;SC55;SC56","AI_ATTEMPT_UNCERTAIN;AI_OUTPUT_INVALID;AI_PROVIDER_UNAVAILABLE;CAPABILITY_DENIED;CONFLICT","E3","COVERED","fixture: h-provider-unavailable-no-fallback.json i-crash-after-provider-completion.json","E2: SC28"
"REQ-D51","XN","P0","contracts/ai/providers.yaml;contracts/ai/tasks.yaml;contracts/capabilities.yaml;contracts/data/entities.yaml;contracts/http/openapi.yaml;contracts/modules.yaml;contracts/ops/cli-acp-probe.md;contracts/ops/secrets.md;contracts/ports.yaml;precode/baseline.json;precode/decision-register.md","I11;I14","SC16","AI_ATTEMPT_UNCERTAIN;AI_OUTPUT_INVALID;AI_PROVIDER_UNAVAILABLE;CAPABILITY_DENIED","E3","COVERED","blocked_by B13 — RATIFIED (OD-20260907-01) · fixture: g-cli-json-embedded-in-prose.json k-zero-api-key-all-tasks-via-cli.json","PARTIAL_E1_E2: SC16"
"REQ-AC01","XN","P0","contracts/http/openapi.yaml;contracts/ops/collector-probe.md;contracts/ports.yaml;contracts/retry-policy.yaml;contracts/schemas/worker-assignment.schema.json;contracts/state/run.yaml;precode/baseline.json;precode/decision-register.md","I01;I10;I15","SC01","RESTORE_UNVERIFIED;STORAGE_WRITE_FAILED;UNAUTHORIZED","E2","COVERED","","PARTIAL_E1_E2: SC01"
"REQ-AC02","XN","P0","contracts/data/entities.yaml;contracts/ports.yaml;contracts/retry-policy.yaml;contracts/state/run.yaml;precode/baseline.json;precode/decision-register.md","I06;I13","SC02;SC34","STORAGE_WRITE_FAILED;VALIDATION_ERROR","E2","COVERED","AMD-B08 RATIFIED (OD-20260907-01); văn bản cam kết đã chốt · fixture: f-three-offline-periods-one-catchup.json j-dst-boundary-occurrences.json","E2: SC34"
"REQ-AC03","XN","P0","contracts/errors.yaml;contracts/http/openapi.yaml;contracts/ops/collector-probe.md;contracts/ports.yaml;contracts/retry-policy.yaml;contracts/schemas/ingest-receipt.schema.json;contracts/schemas/worker-assignment.schema.json;contracts/state/run.yaml;precode/baseline.json;precode/decision-register.md","I02;I10;I13","SC03","SOURCE_LAYOUT_CHANGED;STALE_LEASE;STORAGE_WRITE_FAILED","E2","COVERED","AMD-B02 RATIFIED (OD-20260907-01); văn bản cam kết đã chốt","PARTIAL_E1_E2: SC03"
"REQ-AC04","XN","P0","contracts/data/entities.yaml;contracts/data/invariants.md;contracts/errors.yaml;contracts/http/openapi.yaml;contracts/ops/collector-probe.md;contracts/ports.yaml;contracts/retry-policy.yaml;contracts/schemas/ingest-batch.schema.json;contracts/schemas/ingest-receipt.schema.json;contracts/schemas/worker-assignment.schema.json;contracts/state/delivery.yaml;contracts/state/run.yaml;contracts/telegram/delivery.md;contracts/ui/screens.yaml;precode/baseline.json;precode/decision-register.md","I02;I10;I13","SC04;SC21;SC45","CAPABILITY_DENIED;CONFLICT;IDEMPOTENCY_CONFLICT;INGEST_ACK_LOST;INTERNAL;STALE_LEASE;UNAUTHORIZED_COMMAND;VALIDATION_ERROR;WORKER_LEASE_EXPIRED;X_CHALLENGE_REQUIRED","E2","COVERED","AMD-B05, AMD-B10 RATIFIED (OD-20260907-01); văn bản cam kết đã chốt · fixture: f-ingest-replay-idempotent.json l-run-now-while-needs-user.json","E2: SC21"
"REQ-AC05","XN","P0","contracts/errors.yaml;contracts/http/openapi.yaml;contracts/ports.yaml;contracts/reporting/selection.md;contracts/reporting/time-and-tags.md;contracts/schemas/report.schema.json;contracts/state/report.yaml;precode/baseline.json;precode/decision-register.md","I05;I09","SC05;SC19","TAG_VERSION_STALE;TELEGRAM_SEND_UNCERTAIN;UNAUTHORIZED","E2","COVERED","AMD-B01 RATIFIED (OD-20260907-01); văn bản cam kết đã chốt · fixture: a-tag-removed-before-publish.json","E1: SC05"
"REQ-AC06","XN","P0","contracts/ai/tasks.yaml;contracts/data/entities.yaml;contracts/data/invariants.md;contracts/http/openapi.yaml;contracts/ports.yaml;contracts/reporting/selection.md;contracts/reporting/time-and-tags.md;contracts/schemas/analysis-result.schema.json;contracts/state/analysis.yaml;precode/baseline.json;precode/decision-register.md","I04;I05","SC06;SC54","AI_OUTPUT_INVALID;CONFLICT;IDEMPOTENCY_CONFLICT","E2","COVERED","AMD-B07 RATIFIED (OD-20260907-01); văn bản cam kết đã chốt · fixture: b-tag-removed-then-readded-reuse-analysis.json j-same-key-resubmitted-one-result.json","PARTIAL_E1_E2: SC06"
"REQ-AC07","XN","P0","contracts/data/entities.yaml;contracts/data/identity.md;contracts/data/invariants.md;contracts/errors.yaml;contracts/http/openapi.yaml;contracts/ports.yaml;contracts/schemas/ingest-receipt.schema.json;contracts/schemas/report.schema.json;contracts/schemas/target.schema.json;contracts/ui/screens.yaml;precode/baseline.json;precode/decision-register.md","I03;I05;I07;I17","SC07;SC23","CONFLICT;IDENTITY_CONFLICT;SOURCE_METADATA_UNAVAILABLE","E1","COVERED","AMD-B15 RATIFIED (OD-20260907-01); văn bản cam kết đã chốt · fixture: a-merge-doi-arxiv.json h-five-posts-thread-one-target.json i-identity-merge-single-first-announced.json","PARTIAL_E1_E2: SC07;SC23"
"REQ-AC08","XN","P0","contracts/data/entities.yaml;contracts/errors.yaml;contracts/ports.yaml;contracts/reporting/time-and-tags.md;contracts/schemas/report.schema.json;contracts/state/report.yaml;precode/baseline.json;precode/decision-register.md","I05;I06;I12","SC08;SC37;SC38","CONFLICT;EMBEDDING_GENERATION_MISMATCH;INTERNAL;STORAGE_WRITE_FAILED;TAG_VERSION_STALE;VALIDATION_ERROR","E2","COVERED","AMD-B04 RATIFIED (OD-20260907-01); văn bản cam kết đã chốt · fixture: d-empty-period-coverage-only.json f-three-offline-periods-one-catchup.json g-concurrent-publishers-cas.json k-builder-crash-backfill-not-consumed.json","E2: SC08;SC37;SC38"
"REQ-AC09","XN","P0","contracts/data/entities.yaml;contracts/data/identity.md;contracts/http/openapi.yaml;contracts/ports.yaml;contracts/reporting/selection.md;contracts/reporting/time-and-tags.md;contracts/schemas/report.schema.json;contracts/schemas/saved-snapshot.schema.json;contracts/state/report.yaml;contracts/ui/screens.yaml;precode/baseline.json;precode/decision-register.md","I03;I04;I05;I07;I17","SC09;SC30","CONFLICT;IDENTITY_CONFLICT","E2","COVERED","AMD-B15 RATIFIED (OD-20260907-01); văn bản cam kết đã chốt · fixture: a-merge-doi-arxiv.json c-identity-conflict.json h-already-announced-work-becomes-reference.json i-identity-merge-single-first-announced.json","PARTIAL_E1_E2: SC09;SC30"
"REQ-AC10","XN","P0","contracts/ai/grounding.md;contracts/ai/tasks.yaml;contracts/http/openapi.yaml;contracts/ports.yaml;contracts/reporting/selection.md;contracts/schemas/analysis-result.schema.json;contracts/schemas/report.schema.json;contracts/schemas/saved-snapshot.schema.json;contracts/state/analysis.yaml;contracts/telegram/delivery.md;contracts/ui/screens.yaml;precode/baseline.json;precode/decision-register.md","I05;I16","SC10","AI_OUTPUT_INVALID;TELEGRAM_SEND_UNCERTAIN","E4","COVERED","AMD-B17 RATIFIED (OD-20260907-01); văn bản cam kết đã chốt · fixture: e-late-analysis-pending-then-late-discovery.json sc10-same-analysis-revision-app-and-telegram.json","PARTIAL_E1_E2: SC10"
"REQ-AC11","XN","P0","contracts/ai/grounding.md;contracts/ai/tasks.yaml;contracts/data/identity.md;contracts/errors.yaml;contracts/http/openapi.yaml;contracts/ports.yaml;contracts/schemas/analysis-result.schema.json;contracts/schemas/report.schema.json;contracts/schemas/saved-snapshot.schema.json;contracts/state/analysis.yaml;contracts/telegram/delivery.md;contracts/ui/screens.yaml;precode/baseline.json;precode/decision-register.md","I03;I11;I13","SC11;SC29","AI_OUTPUT_INVALID;CAPABILITY_DENIED;RATE_LIMITED;SOURCE_METADATA_UNAVAILABLE;VALIDATION_ERROR","E4","COVERED","AMD-B16 RATIFIED (OD-20260907-01); văn bản cam kết đã chốt · fixture: a-post-only-summary-inference-labelled.json b-post-only-missing-ids.json c-citation-to-unknown-source.json d-schema-valid-but-uncited.json","E1: SC29"
"REQ-AC12","XN","P0","contracts/data/entities.yaml;contracts/data/invariants.md;contracts/http/openapi.yaml;contracts/ops/backup-restore.md;contracts/ports.yaml;contracts/reporting/time-and-tags.md;contracts/schemas/saved-snapshot.schema.json;contracts/schemas/target.schema.json;contracts/state/storage.yaml;contracts/ui/screens.yaml;precode/baseline.json;precode/decision-register.md","I08;I09;I10;I13;I15;I17","SC12;SC27;SC48;SC53","CONFLICT;NOT_FOUND;RESTORE_UNVERIFIED;STALE_LEASE;STORAGE_WRITE_FAILED;TELEGRAM_SEND_UNCERTAIN;VALIDATION_ERROR","E2","COVERED","AMD-B11 RATIFIED (OD-20260907-01); văn bản cam kết đã chốt · fixture: e-source-deleted-snapshot-intact.json k-save-then-source-deleted.json","E1/E2: SC12;SC27;SC48;SC53"
"REQ-AC13","XN","P0","contracts/data/entities.yaml;contracts/data/invariants.md;contracts/errors.yaml;contracts/http/openapi.yaml;contracts/ports.yaml;contracts/schemas/saved-snapshot.schema.json;contracts/schemas/target.schema.json;contracts/telegram/commands.yaml;contracts/ui/screens.yaml;precode/baseline.json;precode/decision-register.md","I08;I17","SC13;SC46;SC48","CONFLICT;IDEMPOTENCY_CONFLICT;NOT_FOUND;UNAUTHORIZED;UNAUTHORIZED_COMMAND;VALIDATION_ERROR","E2","COVERED","blocked_by B06 — RATIFIED (OD-20260907-01) · fixture: d-concurrent-save-app-telegram.json f-stale-callback-no-save.json j-concurrent-save-app-telegram.json","E1/E2: SC13;SC48"
"REQ-AC14","XN","P0","contracts/errors.yaml;contracts/http/openapi.yaml;contracts/ports.yaml;contracts/retry-policy.yaml;contracts/state/delivery.yaml;contracts/telegram/delivery.md;contracts/ui/screens.yaml;precode/baseline.json;precode/decision-register.md","I05;I09;I13;I15","SC14;SC19;SC53","RATE_LIMITED;RESTORE_UNVERIFIED;STALE_LEASE;TAG_VERSION_STALE;TELEGRAM_PERMANENT_FAILURE;TELEGRAM_SEND_UNCERTAIN;UNAUTHORIZED","E3","COVERED","AMD-B03 RATIFIED (OD-20260907-01); văn bản cam kết đã chốt · fixture: a-multipart-part2-unknown-no-resend.json b-response-lost-unknown-operator-decides.json c-permanent-failure-report-intact.json c-tag-changed-after-publish-before-send.json · CR-PC07-04 ÁP DỤNG MỘT PHẦN 2026-09-08 theo OD-20260908-05 mục 2 (AUTH-OWNER-20260908-06): đồng bộ với precode/requirements.csv. Hai trong năm giới hạn định dạng Telegram ĐƯỢC GIẢI BẰNG TÀI LIỆU, không bằng phép đo — 4096 ký tự cho một tin (core.telegram.org/bots/tutorial) và 1 tin/giây mỗi chat cộng 20 tin/phút mỗi group cộng khoảng 30 tin/giây khi broadcast (core.telegram.org/bots/faq); Retry-After thật vẫn thắng. BA giới hạn còn KC (callback_data, parse mode và bảng escape, số nút mỗi hàng/bàn phím) ở trạng thái BLOCKED_DEPENDENCY và vẫn chặn nhánh multipart, nên coverage_status COVERED ở đây nói về fixture E1 của nhánh unknown, KHÔNG nói nhánh multipart đã hiện thực được. Nguồn: precode/decision-register.md §8.14.1; precode/change-control.md §10 CR-PC07-04; evidence/handoffs/PC07-TELEGRAM-handoff.md","E2: SC53"
"REQ-AC15","XN","P0","contracts/errors.yaml;contracts/http/openapi.yaml;contracts/ops/collector-probe.md;contracts/ops/deployment.md;contracts/ports.yaml;contracts/state/delivery.yaml;contracts/state/report.yaml;contracts/state/run.yaml;contracts/state/storage.yaml;contracts/telegram/commands.yaml;contracts/ui/screens.yaml;precode/baseline.json;precode/decision-register.md","I09;I13","SC15","NOT_FOUND;SOURCE_LAYOUT_CHANGED;STORAGE_WRITE_FAILED;X_ACCESS_BLOCKED","E4","COVERED","AMD-B02 RATIFIED (OD-20260907-01); văn bản cam kết đã chốt · fixture: c-permanent-failure-report-intact.json d-empty-period-coverage-only.json m-three-run-states-distinct-text.json","PARTIAL_E1_E2: SC15"
"REQ-AC16","XN","P0","contracts/ai/providers.yaml;contracts/ai/tasks.yaml;contracts/capabilities.yaml;contracts/data/entities.yaml;contracts/errors.yaml;contracts/modules.yaml;contracts/ops/cli-acp-probe.md;contracts/ops/deployment.md;contracts/ops/secrets.md;contracts/ports.yaml;contracts/schemas/analysis-result.schema.json;contracts/ui/screens.yaml;precode/baseline.json;precode/decision-register.md","I11;I14;I16","SC16;SC55;SC56","AI_ATTEMPT_UNCERTAIN;AI_OUTPUT_INVALID;AI_PROVIDER_UNAVAILABLE;CAPABILITY_DENIED","E3","COVERED","blocked_by B13 — RATIFIED (OD-20260907-01) · fixture: g-cli-json-embedded-in-prose.json h-provider-unavailable-no-fallback.json k-zero-api-key-all-tasks-via-cli.json","PARTIAL_E1_E2: SC16"
"REQ-AC17","XN","P0","contracts/ai/grounding.md;contracts/ai/providers.yaml;contracts/ai/tasks.yaml;contracts/capabilities.yaml;contracts/errors.yaml;contracts/http/openapi.yaml;contracts/modules.yaml;contracts/ops/cli-acp-probe.md;contracts/ops/internet-boundary.md;contracts/ops/secrets.md;contracts/ports.yaml;contracts/schemas/analysis-result.schema.json;contracts/telegram/delivery.md;precode/baseline.json;precode/decision-register.md","I01;I11","SC17;SC49","AI_OUTPUT_INVALID;CAPABILITY_DENIED;FORBIDDEN_EDGE;RESTORE_UNVERIFIED;UNAUTHORIZED;UNAUTHORIZED_COMMAND","E3","COVERED","blocked_by B13 — RATIFIED (OD-20260907-01) · fixture: b-instruction-injection-in-post.json e-transcript-secret-canary.json f-tool-request-in-transcript.json","PARTIAL_E1_E2: SC17;SC49"
"REQ-AC18","XN","P0","contracts/capabilities.yaml;contracts/data/entities.yaml;contracts/errors.yaml;contracts/http/openapi.yaml;contracts/modules.yaml;contracts/ops/internet-boundary.md;contracts/ops/secrets.md;contracts/ports.yaml;contracts/state/delivery.yaml;contracts/telegram/commands.yaml;precode/baseline.json;precode/decision-register.md","I01;I11","SC18;SC47;SC49","CAPABILITY_DENIED;CSRF_REJECTED;FORBIDDEN_EDGE;RATE_LIMITED;RESTORE_UNVERIFIED;UNAUTHORIZED;UNAUTHORIZED_COMMAND;VALIDATION_ERROR","E2","COVERED","AMD-B09 RATIFIED (OD-20260907-01); văn bản cam kết đã chốt · fixture: h-unknown-chat-status-silent.json","E2: SC18;SC47"
"REQ-P0-01","XN","P0","contracts/http/openapi.yaml;contracts/ports.yaml;precode/baseline.json","I01;I11;I12","SC40;SC51","AI_PROVIDER_UNAVAILABLE;CSRF_REJECTED;FORBIDDEN_EDGE;UNAUTHORIZED;UNAUTHORIZED_COMMAND;VALIDATION_ERROR","E3","COVERED","fixture: sc51-first-time-setup.json","PARTIAL_E1_E2: SC40;SC51"
"REQ-P0-02","XN","P0","contracts/http/openapi.yaml;contracts/ports.yaml;contracts/reporting/selection.md;precode/baseline.json","I01;I11;I12","SC51","AI_PROVIDER_UNAVAILABLE;CSRF_REJECTED;UNAUTHORIZED;UNAUTHORIZED_COMMAND;VALIDATION_ERROR","E3","COVERED","fixture: sc51-first-time-setup.json","PARTIAL_E1_E2: SC51"
"REQ-P0-03","XN","P0","contracts/http/openapi.yaml;contracts/modules.yaml;contracts/ops/deployment.md;contracts/ports.yaml;contracts/schemas/ingest-batch.schema.json;precode/baseline.json;precode/decision-register.md","I02;I04;I05;I06;I07;I09;I12;I13;I16","SC50","AI_OUTPUT_INVALID;STORAGE_WRITE_FAILED;TELEGRAM_SEND_UNCERTAIN","E2","COVERED","blocked_by B12;B05 — RATIFIED (OD-20260907-01) · fixture: a-happy-path-schedule-to-delivered.json","PARTIAL_E1_E2: SC50"
"REQ-P0-04","XN","P0","contracts/modules.yaml;contracts/ports.yaml;precode/baseline.json;precode/decision-register.md","I02;I04;I05;I06;I07;I09;I12;I13;I16","SC50","AI_OUTPUT_INVALID;STORAGE_WRITE_FAILED;TELEGRAM_SEND_UNCERTAIN","E2","COVERED","fixture: a-happy-path-schedule-to-delivered.json","PARTIAL_E1_E2: SC50"
"REQ-P0-05","XN","P0","contracts/ai/tasks.yaml;contracts/http/openapi.yaml;contracts/modules.yaml;contracts/ports.yaml;contracts/reporting/selection.md;precode/baseline.json;precode/decision-register.md","I02;I04;I05;I06;I07;I09;I12;I13;I16","SC50","AI_OUTPUT_INVALID;STORAGE_WRITE_FAILED;TELEGRAM_SEND_UNCERTAIN","E2","COVERED","fixture: a-happy-path-schedule-to-delivered.json","PARTIAL_E1_E2: SC50"
"REQ-P0-06","XN","P0","contracts/ai/tasks.yaml;contracts/ports.yaml;precode/baseline.json;precode/decision-register.md","I02;I04;I05;I06;I07;I09;I12;I13;I16","SC10;SC22;SC50","AI_OUTPUT_INVALID;AI_PROVIDER_UNAVAILABLE;CONFLICT;STORAGE_WRITE_FAILED;TELEGRAM_SEND_UNCERTAIN","E4","COVERED","AMD-B17 RATIFIED (OD-20260907-01); văn bản cam kết đã chốt · fixture: a-happy-path-schedule-to-delivered.json sc10-same-analysis-revision-app-and-telegram.json","PARTIAL_E1_E2: SC10;SC22;SC50"
"REQ-P0-07","XN","P0","contracts/ai/tasks.yaml;contracts/http/openapi.yaml;contracts/ports.yaml;contracts/reporting/selection.md;contracts/reporting/time-and-tags.md;contracts/schemas/report.schema.json;precode/baseline.json;precode/decision-register.md","I02;I04;I05;I06;I07;I09;I12;I13;I16","SC50","AI_OUTPUT_INVALID;STORAGE_WRITE_FAILED;TELEGRAM_SEND_UNCERTAIN","E2","COVERED","blocked_by B04;B14 — RATIFIED (OD-20260907-01) · fixture: a-happy-path-schedule-to-delivered.json","PARTIAL_E1_E2: SC50"
"REQ-P0-08","XN","P0","contracts/data/entities.yaml;contracts/http/openapi.yaml;contracts/ports.yaml;precode/baseline.json;precode/decision-register.md","I08;I15;I17","SC12;SC13","CONFLICT;IDEMPOTENCY_CONFLICT;NOT_FOUND;RESTORE_UNVERIFIED;STORAGE_WRITE_FAILED;UNAUTHORIZED","E2","COVERED","blocked_by B03 — RATIFIED (OD-20260907-01)","E2: SC12;SC13"
"REQ-P0-09","XN","P0","contracts/http/openapi.yaml;contracts/ports.yaml;precode/baseline.json;precode/decision-register.md","I02;I04;I05;I06;I07;I09;I12;I13;I16","SC50","AI_OUTPUT_INVALID;STORAGE_WRITE_FAILED;TELEGRAM_SEND_UNCERTAIN","E2","COVERED","blocked_by B09;B10 — RATIFIED (OD-20260907-01) · fixture: a-happy-path-schedule-to-delivered.json","PARTIAL_E1_E2: SC50"
"REQ-P0-10","XN","P0","contracts/http/openapi.yaml;contracts/ports.yaml;precode/baseline.json;precode/decision-register.md","I01;I10;I15","SC01","RESTORE_UNVERIFIED;STORAGE_WRITE_FAILED;UNAUTHORIZED","E2","COVERED","blocked_by B08 — RATIFIED (OD-20260907-01)","PARTIAL_E1_E2: SC01"
"REQ-P0-11","XN","P0","contracts/http/openapi.yaml;contracts/modules.yaml;contracts/ports.yaml;precode/baseline.json;precode/decision-register.md","I11;I14","SC16;SC17","AI_ATTEMPT_UNCERTAIN;AI_OUTPUT_INVALID;AI_PROVIDER_UNAVAILABLE;CAPABILITY_DENIED;FORBIDDEN_EDGE;UNAUTHORIZED","E3","COVERED","blocked_by B13 — RATIFIED (OD-20260907-01)","PARTIAL_E1_E2: SC16;SC17"
"REQ-P0-12","XN","P0","contracts/errors.yaml;contracts/http/openapi.yaml;contracts/ops/deployment.md;contracts/ports.yaml;contracts/schemas/ingest-batch.schema.json;precode/baseline.json;precode/decision-register.md","I02;I10;I13","SC03","SOURCE_LAYOUT_CHANGED;STALE_LEASE;STORAGE_WRITE_FAILED","E2","COVERED","blocked_by B02;B05 — RATIFIED (OD-20260907-01) · fixture: neg-ingest-batch-bad-payload-hash.json neg-ingest-batch-empty-items.json neg-ingest-batch-missing-idempotency-key.json neg-ingest-batch-timestamp-precision.json","PARTIAL_E1_E2: SC03"
"REQ-P1-01","ĐX","P1","precode/baseline.json","","","","E0","DEFERRED_P1","phủ bằng cổng G0 (precode/gates.yaml), không bằng scenario",""
"REQ-P1-02","XN","P1","contracts/data/entities.yaml;contracts/schemas/ingest-batch.schema.json;precode/baseline.json","","","","E0","DEFERRED_P1","phủ bằng cổng G0 (precode/gates.yaml), không bằng scenario",""
"REQ-P1-03","UQ","P1","precode/baseline.json","","","","E0","DEFERRED_P1","phủ bằng cổng G0 (precode/gates.yaml), không bằng scenario",""
"REQ-P1-04","UQ","P1","contracts/reporting/selection.md;precode/baseline.json","","","","E0","DEFERRED_P1","phủ bằng cổng G0 (precode/gates.yaml), không bằng scenario",""
"REQ-P1-05","XN","P1","precode/baseline.json","","","","E0","DEFERRED_P1","phủ bằng cổng G0 (precode/gates.yaml), không bằng scenario",""
"REQ-OOS-01","XN","OOS","precode/baseline.json","","","","E0","OUT_OF_SCOPE","phủ bằng cổng G0 (precode/gates.yaml), không bằng scenario",""
"REQ-OOS-02","XN","OOS","contracts/ops/internet-boundary.md;precode/baseline.json","","","","E0","OUT_OF_SCOPE","",""
"REQ-OOS-03","XN","OOS","precode/baseline.json","","","","E0","OUT_OF_SCOPE","phủ bằng cổng G0 (precode/gates.yaml), không bằng scenario",""
"REQ-OOS-04","XN","OOS","precode/baseline.json","I01;I11","SC49","CAPABILITY_DENIED;FORBIDDEN_EDGE;RESTORE_UNVERIFIED;UNAUTHORIZED;UNAUTHORIZED_COMMAND","E2","OUT_OF_SCOPE","","PARTIAL_E1_E2: SC49"
"REQ-OOS-05","XN","OOS","contracts/telegram/commands.yaml;precode/baseline.json","","","","E0","OUT_OF_SCOPE","blocked_by B10 — RATIFIED (OD-20260907-01)",""
"REQ-OOS-06","XN","OOS","contracts/ai/grounding.md;precode/baseline.json","","","","E0","OUT_OF_SCOPE","blocked_by B14;B16 — RATIFIED (OD-20260907-01)",""
"REQ-A1","KC","P0","contracts/data/entities.yaml;contracts/errors.yaml;contracts/ops/collector-probe.md;contracts/ops/deployment.md;contracts/retry-policy.yaml;contracts/schemas/worker-assignment.schema.json;contracts/state/analysis.yaml;contracts/state/delivery.yaml;contracts/state/report.yaml;contracts/state/run.yaml;contracts/state/storage.yaml;precode/baseline.json;precode/decision-register.md","","","","E0","PARTIAL","AMD-B05 RATIFIED (OD-20260907-01); văn bản cam kết đã chốt · KC: cần đo thật, phê chuẩn không thay thế được phép đo · phủ bằng cổng SP1/G6/G7 (precode/gates.yaml), không bằng scenario · có hợp đồng, chưa có scenario",""
"REQ-A2","KC","P0","contracts/data/entities.yaml;contracts/data/identity.md;contracts/ops/collector-probe.md;contracts/reporting/selection.md;contracts/reporting/time-and-tags.md;contracts/schemas/report.schema.json;contracts/ui/screens.yaml;precode/baseline.json;precode/decision-register.md;precode/owner-decision-request.md","","","","E0","PARTIAL","KC: cần đo thật, phê chuẩn không thay thế được phép đo · phủ bằng cổng SP1/G6/G7 (precode/gates.yaml), không bằng scenario · có hợp đồng, chưa có scenario",""
"REQ-A3","KC","P0","contracts/reporting/selection.md;precode/baseline.json","I05;I06;I12","SC24;SC52","CONFLICT;EMBEDDING_GENERATION_MISMATCH;STORAGE_WRITE_FAILED;TAG_VERSION_STALE","E2","COVERED","KC: cần đo thật, phê chuẩn không thay thế được phép đo · fixture: n-embedding-generation-switch-positive.json","E2: SC24"
"REQ-A4","KC","P0","contracts/ai/grounding.md;contracts/reporting/selection.md;contracts/reporting/time-and-tags.md;contracts/schemas/report.schema.json;precode/baseline.json;precode/decision-register.md;precode/owner-decision-request.md","","","","E0","PARTIAL","blocked_by B14 — RATIFIED (OD-20260907-01) · KC: cần đo thật, phê chuẩn không thay thế được phép đo · phủ bằng cổng SP1/G6/G7 (precode/gates.yaml), không bằng scenario · fixture: m-density-worked-example.json · có hợp đồng, chưa có scenario",""
"REQ-A5","KC","P0","contracts/ai/grounding.md;contracts/ai/providers.yaml;contracts/ai/tasks.yaml;contracts/capabilities.yaml;contracts/data/entities.yaml;contracts/ops/cli-acp-probe.md;contracts/ops/collector-probe.md;contracts/ops/internet-boundary.md;contracts/ports.yaml;contracts/retry-policy.yaml;contracts/state/analysis.yaml;precode/baseline.json;precode/decision-register.md","I11;I14","SC16","AI_ATTEMPT_UNCERTAIN;AI_OUTPUT_INVALID;AI_PROVIDER_UNAVAILABLE;CAPABILITY_DENIED","E3","COVERED","blocked_by B13 — RATIFIED (OD-20260907-01) · KC: cần đo thật, phê chuẩn không thay thế được phép đo","PARTIAL_E1_E2: SC16"
"REQ-A6","XN","P0","contracts/data/entities.yaml;contracts/errors.yaml;contracts/ops/collector-probe.md;contracts/ops/internet-boundary.md;contracts/ports.yaml;contracts/retry-policy.yaml;contracts/state/analysis.yaml;contracts/state/delivery.yaml;contracts/state/report.yaml;contracts/state/run.yaml;contracts/state/storage.yaml;contracts/telegram/delivery.md;precode/baseline.json;precode/decision-register.md","I11","SC39","CAPABILITY_DENIED;RATE_LIMITED;SOURCE_METADATA_UNAVAILABLE","E2","COVERED","XN 2026-09-07 theo OD-20260907-04 mục 2 (AUTH-OWNER-20260907-05): đồng bộ với precode/requirements.csv. Dòng này ĐƯỢC GIẢI BẰNG TÀI LIỆU, không bằng phép đo — cả bốn dữ kiện đọc từ tài liệu chính thức ngày 2026-09-07 (arXiv 1 request/3 giây và 1 kết nối; OpenAlex 100 request/giây; không nguồn nào đòi định danh, api_key tùy chọn), xem precode/decision-register.md §8.13.2 và evidence/handoffs/PC03-REQA6-handoff.md. Ghi chú cũ (cần đo thật) đúng cho một REQ-A6 chưa ai được phép đọc tài liệu; nó không còn mô tả trạng thái hiện tại. Nhãn DOCS_derived của contracts/retry-policy.yaml v0.8.0 hết hiệu lực khi nguồn đổi chính sách, nên XN này có hạn dùng.","PARTIAL_E1_E2: SC39"
"REQ-A7","KC","P0","contracts/data/entities.yaml;contracts/errors.yaml;contracts/http/openapi.yaml;contracts/ops/collector-probe.md;contracts/retry-policy.yaml;contracts/schemas/worker-assignment.schema.json;contracts/state/run.yaml;precode/baseline.json;precode/decision-register.md","I02;I10;I13","SC04","STALE_LEASE;WORKER_LEASE_EXPIRED;X_CHALLENGE_REQUIRED","E2","COVERED","AMD-B05 RATIFIED (OD-20260907-01); văn bản cam kết đã chốt · KC: cần đo thật, phê chuẩn không thay thế được phép đo","PARTIAL_E1_E2: SC04"
"REQ-OQ01","ĐX","P0","contracts/modules.yaml;contracts/ui/screens.yaml;precode/baseline.json;precode/decision-register.md;precode/owner-decision-request.md","I01;I11;I12","SC51","AI_PROVIDER_UNAVAILABLE;CSRF_REJECTED;UNAUTHORIZED;UNAUTHORIZED_COMMAND;VALIDATION_ERROR","E3","COVERED","blocked_by B12 — RATIFIED (OD-20260907-01) · fixture: sc51-first-time-setup.json","PARTIAL_E1_E2: SC51"
"REQ-OQ02","ĐX","P0","precode/baseline.json;precode/decision-register.md;precode/owner-decision-request.md","","","","E0","PARTIAL","phủ bằng cổng G0/G4 (precode/gates.yaml), không bằng scenario · có hợp đồng, chưa có scenario",""
"REQ-OQ03","ĐX","P0","precode/baseline.json;precode/decision-register.md;precode/owner-decision-request.md","","","","E0","PARTIAL","blocked_by B13 — RATIFIED (OD-20260907-01) · phủ bằng cổng G0/G4 (precode/gates.yaml), không bằng scenario · có hợp đồng, chưa có scenario",""
"REQ-OQ04","ĐX","P0","contracts/data/entities.yaml;contracts/reporting/time-and-tags.md;contracts/ui/screens.yaml;precode/baseline.json;precode/decision-register.md;precode/owner-decision-request.md","I06","SC37","CONFLICT;VALIDATION_ERROR","E2","COVERED","blocked_by B04 — RATIFIED (OD-20260907-01) · fixture: j-backfill-add-remove-readd.json","E2: SC37"
"REQ-OQ05","ĐX","P0","contracts/data/entities.yaml;contracts/errors.yaml;contracts/http/openapi.yaml;contracts/ops/collector-probe.md;contracts/reporting/selection.md;contracts/retry-policy.yaml;contracts/schemas/ingest-batch.schema.json;contracts/schemas/worker-assignment.schema.json;contracts/state/analysis.yaml;contracts/state/delivery.yaml;contracts/state/report.yaml;contracts/state/run.yaml;contracts/state/storage.yaml;contracts/ui/screens.yaml;precode/baseline.json;precode/decision-register.md;precode/owner-decision-request.md","I02;I10;I13","SC03","SOURCE_LAYOUT_CHANGED;STALE_LEASE;STORAGE_WRITE_FAILED","E2","COVERED","blocked_by B02 — RATIFIED (OD-20260907-01)","PARTIAL_E1_E2: SC03"
"REQ-OQ06","ĐX","P0","contracts/retry-policy.yaml;contracts/state/run.yaml;contracts/ui/screens.yaml;precode/baseline.json;precode/decision-register.md;precode/owner-decision-request.md","I06;I13","SC34","STORAGE_WRITE_FAILED;VALIDATION_ERROR","E2","COVERED","AMD-B08 RATIFIED (OD-20260907-01); văn bản cam kết đã chốt · fixture: j-dst-boundary-occurrences.json","E2: SC34"
"REQ-OQ07","ĐX","P0","contracts/telegram/delivery.md;precode/baseline.json;precode/decision-register.md;precode/owner-decision-request.md","","","","E0","PARTIAL","phủ bằng cổng G0/G4 (precode/gates.yaml), không bằng scenario · có hợp đồng, chưa có scenario",""
"REQ-OQ08","KC","P0","contracts/reporting/selection.md;contracts/schemas/report.schema.json;precode/baseline.json;precode/decision-register.md;precode/owner-decision-request.md","","","","E0","PARTIAL","KC: cần đo thật, phê chuẩn không thay thế được phép đo · phủ bằng cổng G0/G4 (precode/gates.yaml), không bằng scenario · có hợp đồng, chưa có scenario",""
"REQ-OQ09","KC","P0","precode/baseline.json;precode/decision-register.md;precode/owner-decision-request.md","I05;I06;I12","SC24;SC52","CONFLICT;EMBEDDING_GENERATION_MISMATCH;STORAGE_WRITE_FAILED;TAG_VERSION_STALE","E2","COVERED","KC: cần đo thật, phê chuẩn không thay thế được phép đo · fixture: n-embedding-generation-switch-positive.json","E2: SC24"
"REQ-OQ10","ĐX","P0","contracts/http/openapi.yaml;contracts/ports.yaml;contracts/ui/screens.yaml;precode/baseline.json;precode/decision-register.md;precode/owner-decision-request.md","","","","E0","PARTIAL","phủ bằng cổng G0/G4 (precode/gates.yaml), không bằng scenario · có hợp đồng, chưa có scenario",""
"REQ-S1.4-01","UQ","P0","contracts/ports.yaml;contracts/reporting/selection.md;precode/decision-register.md","","","","E0","PARTIAL","blocked_by B14 — RATIFIED (OD-20260907-01) · phủ bằng cổng G7 (precode/gates.yaml), không bằng scenario · fixture: m-density-worked-example.json · có hợp đồng, chưa có scenario",""
"REQ-S1.4-02","UQ","P0","contracts/reporting/selection.md;precode/decision-register.md","","","","E0","PARTIAL","blocked_by B14 — RATIFIED (OD-20260907-01) · phủ bằng cổng G7 (precode/gates.yaml), không bằng scenario · có hợp đồng, chưa có scenario",""
"REQ-S1.4-03","XN","P0","precode/decision-register.md","I03;I05;I07;I17","SC07;SC23","CONFLICT;IDENTITY_CONFLICT;SOURCE_METADATA_UNAVAILABLE","E1","COVERED","AMD-B15 RATIFIED (OD-20260907-01); văn bản cam kết đã chốt","PARTIAL_E1_E2: SC07;SC23"
"REQ-S1.4-04","KC","P0","","","","","NONE","PARTIAL","blocked_by B05 — RATIFIED (OD-20260907-01) · KC: cần đo thật, phê chuẩn không thay thế được phép đo · phủ bằng cổng G7 (precode/gates.yaml), không bằng scenario",""
"REQ-S1.4-05","XN","P0","","","","","NONE","PARTIAL","phủ bằng cổng G7 (precode/gates.yaml), không bằng scenario",""
"REQ-S4-01","UQ","P0","contracts/ui/screens.yaml","I02;I04;I05;I06;I07;I09;I12;I13;I16","SC50","AI_OUTPUT_INVALID;STORAGE_WRITE_FAILED;TELEGRAM_SEND_UNCERTAIN","E2","COVERED","blocked_by B04 — RATIFIED (OD-20260907-01)","PARTIAL_E1_E2: SC50"
"REQ-S4-02","UQ","P0","contracts/ui/screens.yaml","I05;I16","SC10","AI_OUTPUT_INVALID;TELEGRAM_SEND_UNCERTAIN","E4","COVERED","blocked_by B01;B14;B17 — RATIFIED (OD-20260907-01) · fixture: sc10-same-analysis-revision-app-and-telegram.json","PARTIAL_E1_E2: SC10"
"REQ-S4-03","UQ","P0","contracts/ui/screens.yaml","I05;I16","SC10","AI_OUTPUT_INVALID;TELEGRAM_SEND_UNCERTAIN","E4","COVERED","blocked_by B06;B07 — RATIFIED (OD-20260907-01) · fixture: sc10-same-analysis-revision-app-and-telegram.json","PARTIAL_E1_E2: SC10"
"REQ-S4-04","UQ","P0","contracts/ui/screens.yaml","I01;I11;I12","SC51","AI_PROVIDER_UNAVAILABLE;CSRF_REJECTED;UNAUTHORIZED;UNAUTHORIZED_COMMAND;VALIDATION_ERROR","E3","COVERED","blocked_by B04 — RATIFIED (OD-20260907-01) · fixture: sc51-first-time-setup.json","PARTIAL_E1_E2: SC51"
"REQ-S4-05","UQ","P0","contracts/ui/screens.yaml;precode/decision-register.md","I08;I15;I17","SC12","NOT_FOUND;RESTORE_UNVERIFIED;STORAGE_WRITE_FAILED","E2","COVERED","","E2: SC12"
"REQ-S4-06","UQ","P0","contracts/ui/screens.yaml;precode/decision-register.md","I02;I09;I10;I13","SC15;SC33;SC35;SC45","CONFLICT;NOT_FOUND;SOURCE_LAYOUT_CHANGED;STALE_LEASE;STORAGE_WRITE_FAILED;UNAUTHORIZED;UNAUTHORIZED_COMMAND;VALIDATION_ERROR;X_ACCESS_BLOCKED","E4","COVERED","AMD-B10 RATIFIED (OD-20260907-01); văn bản cam kết đã chốt · fixture: i-run-now-while-active.json k-cancel-from-every-non-terminal.json","E2: SC33"
"REQ-S4-07","UQ","P0","contracts/ui/screens.yaml","I01;I11;I12","SC51","AI_PROVIDER_UNAVAILABLE;CSRF_REJECTED;UNAUTHORIZED;UNAUTHORIZED_COMMAND;VALIDATION_ERROR","E3","COVERED","blocked_by B02 — RATIFIED (OD-20260907-01) · fixture: sc51-first-time-setup.json","PARTIAL_E1_E2: SC51"
"REQ-S4-08","UQ","P0","contracts/ui/screens.yaml","I01;I11;I12","SC51","AI_PROVIDER_UNAVAILABLE;CSRF_REJECTED;UNAUTHORIZED;UNAUTHORIZED_COMMAND;VALIDATION_ERROR","E3","COVERED","blocked_by B08;B13 — RATIFIED (OD-20260907-01) · fixture: sc51-first-time-setup.json","PARTIAL_E1_E2: SC51"
"REQ-S4-09","UQ","P0","contracts/ui/screens.yaml","I01;I11;I12","SC51","AI_PROVIDER_UNAVAILABLE;CSRF_REJECTED;UNAUTHORIZED;UNAUTHORIZED_COMMAND;VALIDATION_ERROR","E3","COVERED","","PARTIAL_E1_E2: SC51"
"REQ-S4-10","UQ","P0","contracts/ui/screens.yaml","","","","E0","PARTIAL","có hợp đồng, chưa có scenario",""
"REQ-S5.1-01","XN","P0","contracts/ui/screens.yaml;precode/baseline.json","I01;I11;I12","SC51","AI_PROVIDER_UNAVAILABLE;CSRF_REJECTED;UNAUTHORIZED;UNAUTHORIZED_COMMAND;VALIDATION_ERROR","E3","COVERED","fixture: sc51-first-time-setup.json","PARTIAL_E1_E2: SC51"
"REQ-S5.1-02","XN","P0","contracts/ui/screens.yaml","I01;I11;I12","SC51","AI_PROVIDER_UNAVAILABLE;CSRF_REJECTED;UNAUTHORIZED;UNAUTHORIZED_COMMAND;VALIDATION_ERROR","E3","COVERED","fixture: sc51-first-time-setup.json","PARTIAL_E1_E2: SC51"
"REQ-S5.1-03","XN","P0","contracts/ui/screens.yaml","I01;I11;I12","SC51","AI_PROVIDER_UNAVAILABLE;CSRF_REJECTED;UNAUTHORIZED;UNAUTHORIZED_COMMAND;VALIDATION_ERROR","E3","COVERED","blocked_by B13 — RATIFIED (OD-20260907-01) · fixture: sc51-first-time-setup.json","PARTIAL_E1_E2: SC51"
"REQ-S5.1-04","XN","P0","contracts/ui/screens.yaml;precode/decision-register.md","I01;I11;I12","SC47;SC51","AI_PROVIDER_UNAVAILABLE;CSRF_REJECTED;RATE_LIMITED;UNAUTHORIZED;UNAUTHORIZED_COMMAND;VALIDATION_ERROR","E3","COVERED","AMD-B09 RATIFIED (OD-20260907-01); văn bản cam kết đã chốt · fixture: sc51-first-time-setup.json","E2: SC47"
"REQ-S5.1-05","ĐX","P0","contracts/ui/screens.yaml","I01;I11;I12","SC51","AI_PROVIDER_UNAVAILABLE;CSRF_REJECTED;UNAUTHORIZED;UNAUTHORIZED_COMMAND;VALIDATION_ERROR","E3","COVERED","blocked_by B12 — RATIFIED (OD-20260907-01) · fixture: sc51-first-time-setup.json","PARTIAL_E1_E2: SC51"
"REQ-S5.2-01","XN","P0","contracts/state/run.yaml;precode/baseline.json;precode/decision-register.md","I01;I02;I04;I05;I06;I07;I09;I10;I12;I13;I15;I16","SC01;SC50","AI_OUTPUT_INVALID;RESTORE_UNVERIFIED;STORAGE_WRITE_FAILED;TELEGRAM_SEND_UNCERTAIN;UNAUTHORIZED","E2","COVERED","AMD-B02 RATIFIED (OD-20260907-01); văn bản cam kết đã chốt · fixture: a-happy-path-schedule-to-delivered.json","PARTIAL_E1_E2: SC01;SC50"
"REQ-S5.3-01","XN","P0","contracts/ui/screens.yaml","I05;I16","SC10","AI_OUTPUT_INVALID;TELEGRAM_SEND_UNCERTAIN","E4","COVERED","fixture: sc10-same-analysis-revision-app-and-telegram.json","PARTIAL_E1_E2: SC10"
"REQ-S5.3-02","ĐX","P0","precode/decision-register.md","I05;I16","SC10","AI_OUTPUT_INVALID;TELEGRAM_SEND_UNCERTAIN","E4","COVERED","AMD-B03 RATIFIED (OD-20260907-01); văn bản cam kết đã chốt · fixture: sc10-same-analysis-revision-app-and-telegram.json · CR-PC07-04 áp dụng một phần 2026-09-08: trần 4096 ký tự cho một tin đã có nguồn, nhưng chỗ cắt digest nhiều part vẫn cần parse mode và bố cục nút — hai dòng còn KC (BLOCKED_DEPENDENCY). Xem precode/decision-register.md §8.14.1","PARTIAL_E1_E2: SC10"
"REQ-S5.3-03","XN","P0","contracts/ui/screens.yaml","I05;I16","SC10","AI_OUTPUT_INVALID;TELEGRAM_SEND_UNCERTAIN","E4","COVERED","fixture: sc10-same-analysis-revision-app-and-telegram.json","PARTIAL_E1_E2: SC10"
"REQ-S5.4-01","XN","P0","contracts/errors.yaml;contracts/state/run.yaml;precode/decision-register.md","I02;I10;I13","SC04","STALE_LEASE;WORKER_LEASE_EXPIRED;X_CHALLENGE_REQUIRED","E2","COVERED","AMD-B05 RATIFIED (OD-20260907-01); văn bản cam kết đã chốt","PARTIAL_E1_E2: SC04"
"REQ-S5.4-02","XN","P0","precode/decision-register.md","I02;I10;I13","SC04","STALE_LEASE;WORKER_LEASE_EXPIRED;X_CHALLENGE_REQUIRED","E2","COVERED","AMD-B03 RATIFIED (OD-20260907-01); văn bản cam kết đã chốt","PARTIAL_E1_E2: SC04"
"REQ-S5.4-03","XN","P0","contracts/state/run.yaml","I02;I10;I13","SC04","STALE_LEASE;WORKER_LEASE_EXPIRED;X_CHALLENGE_REQUIRED","E2","COVERED","blocked_by B12 — RATIFIED (OD-20260907-01)","PARTIAL_E1_E2: SC04"
"REQ-S5.4-04","XN","P0","contracts/state/run.yaml;contracts/telegram/commands.yaml;contracts/ui/screens.yaml;precode/decision-register.md","I02;I10;I13","SC04;SC45","CONFLICT;STALE_LEASE;UNAUTHORIZED_COMMAND;WORKER_LEASE_EXPIRED;X_CHALLENGE_REQUIRED","E2","COVERED","AMD-B10 RATIFIED (OD-20260907-01); văn bản cam kết đã chốt · fixture: l-run-now-while-needs-user.json","PARTIAL_E1_E2: SC04;SC45"
"REQ-S5.4-05","XN","P0","contracts/errors.yaml;contracts/ports.yaml;contracts/retry-policy.yaml;contracts/state/run.yaml;precode/decision-register.md","","","","E0","PARTIAL","có hợp đồng, chưa có scenario",""
"REQ-S5.5-01","XN","P0","","I05","SC05","TAG_VERSION_STALE;UNAUTHORIZED","E1","PARTIAL","blocked_by B01 — RATIFIED (OD-20260907-01) · có scenario, chưa được hợp đồng nào trích dẫn","E1: SC05"
"REQ-S5.5-02","XN","P0","","I04;I05","SC06","AI_OUTPUT_INVALID;CONFLICT","E2","PARTIAL","blocked_by B07 — RATIFIED (OD-20260907-01) · có scenario, chưa được hợp đồng nào trích dẫn","PARTIAL_E1_E2: SC06"
"REQ-S6.1-01","XN","P0","contracts/ops/deployment.md","I01;I02;I04;I05;I06;I07;I09;I10;I11;I12;I13;I15;I16","SC01;SC49;SC50","AI_OUTPUT_INVALID;CAPABILITY_DENIED;FORBIDDEN_EDGE;RESTORE_UNVERIFIED;STORAGE_WRITE_FAILED;TELEGRAM_SEND_UNCERTAIN;UNAUTHORIZED;UNAUTHORIZED_COMMAND","E2","COVERED","","PARTIAL_E1_E2: SC01;SC49;SC50"
"REQ-S6.1-02","ĐX","P0","precode/decision-register.md","I01;I02;I04;I05;I06;I07;I09;I11;I12;I13;I16","SC49;SC50","AI_OUTPUT_INVALID;CAPABILITY_DENIED;FORBIDDEN_EDGE;RESTORE_UNVERIFIED;STORAGE_WRITE_FAILED;TELEGRAM_SEND_UNCERTAIN;UNAUTHORIZED;UNAUTHORIZED_COMMAND","E2","COVERED","blocked_by B12 — RATIFIED (OD-20260907-01)","PARTIAL_E1_E2: SC49;SC50"
"REQ-S6.1-03","ĐX","P0","precode/decision-register.md","I01;I02;I04;I05;I06;I07;I09;I11;I12;I13;I16","SC49;SC50","AI_OUTPUT_INVALID;CAPABILITY_DENIED;FORBIDDEN_EDGE;RESTORE_UNVERIFIED;STORAGE_WRITE_FAILED;TELEGRAM_SEND_UNCERTAIN;UNAUTHORIZED;UNAUTHORIZED_COMMAND","E2","COVERED","AMD-B12 RATIFIED (OD-20260907-01); văn bản cam kết đã chốt","PARTIAL_E1_E2: SC49;SC50"
"REQ-S6.2-01","ĐX","P0","precode/decision-register.md","I01;I11","SC49","CAPABILITY_DENIED;FORBIDDEN_EDGE;RESTORE_UNVERIFIED;UNAUTHORIZED;UNAUTHORIZED_COMMAND","E2","COVERED","AMD-B12 RATIFIED (OD-20260907-01); văn bản cam kết đã chốt","PARTIAL_E1_E2: SC49"
"REQ-S6.3-01","ĐX","P0","","","","","NONE","PARTIAL","phủ bằng cổng G5 (precode/gates.yaml), không bằng scenario",""
"REQ-S6.4-01","UQ","P0","contracts/ops/backup-restore.md;precode/decision-register.md","I09;I10;I13;I15","SC27;SC42;SC53","RESTORE_UNVERIFIED;STALE_LEASE;STORAGE_WRITE_FAILED;TELEGRAM_SEND_UNCERTAIN","E2","COVERED","AMD-B11 RATIFIED (OD-20260907-01); văn bản cam kết đã chốt","E2: SC27;SC42;SC53"
"REQ-S6.4-02","XN","P0","contracts/ops/secrets.md","I02","SC31","IDEMPOTENCY_CONFLICT;VALIDATION_ERROR","E1","COVERED","blocked_by B12;B13 — RATIFIED (OD-20260907-01)","E1: SC31"
"REQ-S6.4-03","ĐX","P0","contracts/ops/internet-boundary.md;contracts/ops/secrets.md","","","","E0","PARTIAL","blocked_by B12;B13 — RATIFIED (OD-20260907-01) · có hợp đồng, chưa có scenario",""
"REQ-S7.3-01","XN","P0","contracts/data/entities.yaml;precode/decision-register.md","","","","E0","PARTIAL","có hợp đồng, chưa có scenario",""
"REQ-S7.3-02","ĐX","P0","contracts/http/openapi.yaml;contracts/ports.yaml;precode/decision-register.md","I03;I04","SC30;SC54","AI_OUTPUT_INVALID;CONFLICT;IDEMPOTENCY_CONFLICT;IDENTITY_CONFLICT","E2","COVERED","AMD-B07 RATIFIED (OD-20260907-01); văn bản cam kết đã chốt","PARTIAL_E1_E2: SC30"
"REQ-S7.3-03","XN","P0","","I05;I06;I12","SC24;SC52","CONFLICT;EMBEDDING_GENERATION_MISMATCH;STORAGE_WRITE_FAILED;TAG_VERSION_STALE","E2","PARTIAL","fixture: n-embedding-generation-switch-positive.json · có scenario, chưa được hợp đồng nào trích dẫn","E2: SC24"
"REQ-S7.3-04","UQ","P0","contracts/ops/backup-restore.md;precode/baseline.json;precode/decision-register.md","I01;I09;I10;I13;I15","SC27;SC42;SC43;SC44;SC53","CONFLICT;CSRF_REJECTED;INTERNAL;RESTORE_UNVERIFIED;STALE_LEASE;STORAGE_WRITE_FAILED;TELEGRAM_SEND_UNCERTAIN;UNAUTHORIZED;VALIDATION_ERROR","E3","COVERED","AMD-B11 RATIFIED (OD-20260907-01); văn bản cam kết đã chốt","E2: SC27;SC42;SC53"
"REQ-S7.3-05","XN","P0","contracts/capabilities.yaml;contracts/data/entities.yaml;contracts/http/openapi.yaml;contracts/modules.yaml;contracts/ops/backup-restore.md;contracts/ops/secrets.md;contracts/ports.yaml;contracts/schemas/saved-snapshot.schema.json;contracts/ui/screens.yaml;precode/baseline.json;precode/decision-register.md;precode/owner-decision-request.md","I01;I08;I13;I15;I17","SC13;SC32;SC44","CONFLICT;CSRF_REJECTED;IDEMPOTENCY_CONFLICT;NOT_FOUND;STORAGE_WRITE_FAILED;UNAUTHORIZED;VALIDATION_ERROR","E2","COVERED","","E2: SC13"
"REQ-S7.3-06","UQ","P0","contracts/ops/backup-restore.md","I01;I08;I15;I17","SC12;SC32;SC48","CONFLICT;NOT_FOUND;RESTORE_UNVERIFIED;STORAGE_WRITE_FAILED;UNAUTHORIZED;VALIDATION_ERROR","E2","COVERED","","E1/E2: SC12;SC48"
"REQ-S8.1-01","ĐX","P0","contracts/reporting/selection.md","","","","E0","PARTIAL","blocked_by B07 — RATIFIED (OD-20260907-01) · có hợp đồng, chưa có scenario",""
"REQ-S8.1-02","XN","P0","contracts/reporting/selection.md","","","","E0","PARTIAL","có hợp đồng, chưa có scenario",""
"REQ-S8.1-03","XN","P0","contracts/reporting/time-and-tags.md;precode/decision-register.md","I05","SC05","TAG_VERSION_STALE;UNAUTHORIZED","E1","COVERED","AMD-B01 RATIFIED (OD-20260907-01); văn bản cam kết đã chốt","E1: SC05"
"REQ-S8.1-04","XN","P0","precode/decision-register.md","I04;I05","SC06","AI_OUTPUT_INVALID;CONFLICT","E2","COVERED","AMD-B07 RATIFIED (OD-20260907-01); văn bản cam kết đã chốt","PARTIAL_E1_E2: SC06"
"REQ-S8.2-01","XN","P0","contracts/reporting/time-and-tags.md;precode/decision-register.md","I05;I09","SC19","TAG_VERSION_STALE;TELEGRAM_SEND_UNCERTAIN","E2","COVERED","AMD-B01 RATIFIED (OD-20260907-01); văn bản cam kết đã chốt","PARTIAL_E1_E2: SC19"
"REQ-S8.2-02","XN","P0","contracts/reporting/time-and-tags.md;precode/decision-register.md","I05","SC05","TAG_VERSION_STALE;UNAUTHORIZED","E1","COVERED","AMD-B01 RATIFIED (OD-20260907-01); văn bản cam kết đã chốt · fixture: a-tag-removed-before-publish.json","E1: SC05"
"REQ-S8.2-03","XN","P0","","I04;I05","SC06","AI_OUTPUT_INVALID;CONFLICT","E2","PARTIAL","blocked_by B07 — RATIFIED (OD-20260907-01) · fixture: b-tag-removed-then-readded-reuse-analysis.json · có scenario, chưa được hợp đồng nào trích dẫn","PARTIAL_E1_E2: SC06"
"REQ-S8.2-04","XN","P0","","I06","SC37","CONFLICT;VALIDATION_ERROR","E2","PARTIAL","blocked_by B04 — RATIFIED (OD-20260907-01) · fixture: j-backfill-add-remove-readd.json · có scenario, chưa được hợp đồng nào trích dẫn","E2: SC37"
"REQ-S8.2-05","XN","P0","","I05;I07;I17","SC09","CONFLICT;IDENTITY_CONFLICT","E2","PARTIAL","blocked_by B15 — RATIFIED (OD-20260907-01) · fixture: h-already-announced-work-becomes-reference.json · có scenario, chưa được hợp đồng nào trích dẫn","PARTIAL_E1_E2: SC09"
"REQ-S8.2-06","UQ","P0","contracts/schemas/worker-assignment.schema.json","","","","E0","PARTIAL","blocked_by B01 — RATIFIED (OD-20260907-01) · có hợp đồng, chưa có scenario",""
"REQ-S8.2-07","UQ","P0","contracts/schemas/saved-snapshot.schema.json;contracts/ui/screens.yaml","","","","E0","PARTIAL","có hợp đồng, chưa có scenario",""
"REQ-S8.2-08","ĐX","P0","contracts/reporting/time-and-tags.md;contracts/retry-policy.yaml;contracts/state/run.yaml;precode/decision-register.md","I06;I13","SC02;SC34","STORAGE_WRITE_FAILED;VALIDATION_ERROR","E2","COVERED","AMD-B08 RATIFIED (OD-20260907-01); văn bản cam kết đã chốt · fixture: j-dst-boundary-occurrences.json","E2: SC34"
"REQ-S8.2-09","UQ","P0","contracts/reporting/time-and-tags.md;contracts/state/report.yaml;precode/decision-register.md","I05;I06;I12","SC08","CONFLICT;EMBEDDING_GENERATION_MISMATCH;TAG_VERSION_STALE","E2","COVERED","AMD-B04 RATIFIED (OD-20260907-01); văn bản cam kết đã chốt · fixture: d-empty-period-coverage-only.json","E2: SC08"
"REQ-S8.2-10","ĐX","P0","","I08;I17","SC13","CONFLICT;IDEMPOTENCY_CONFLICT;UNAUTHORIZED","E2","PARTIAL","blocked_by B03 — RATIFIED (OD-20260907-01) · có scenario, chưa được hợp đồng nào trích dẫn","E2: SC13"
"REQ-S8.3-01","XN","P0","contracts/data/entities.yaml;contracts/errors.yaml;contracts/http/openapi.yaml;contracts/ports.yaml;contracts/state/report.yaml;contracts/state/run.yaml;contracts/state/storage.yaml;contracts/ui/screens.yaml","I09;I13","SC15","NOT_FOUND;SOURCE_LAYOUT_CHANGED;STORAGE_WRITE_FAILED;X_ACCESS_BLOCKED","E4","COVERED","blocked_by B02 — RATIFIED (OD-20260907-01) · fixture: d-empty-period-coverage-only.json m-three-run-states-distinct-text.json","PARTIAL_E1_E2: SC15"
"REQ-S8.3-02","XN","P0","contracts/errors.yaml;contracts/http/openapi.yaml;contracts/ports.yaml;contracts/state/run.yaml;contracts/ui/screens.yaml","I09;I13","SC15","NOT_FOUND;SOURCE_LAYOUT_CHANGED;STORAGE_WRITE_FAILED;X_ACCESS_BLOCKED","E4","COVERED","blocked_by B02 — RATIFIED (OD-20260907-01) · fixture: m-three-run-states-distinct-text.json","PARTIAL_E1_E2: SC15"
"REQ-S8.3-03","XN","P0","contracts/errors.yaml;contracts/http/openapi.yaml;contracts/ports.yaml;contracts/state/run.yaml;contracts/state/storage.yaml;contracts/ui/screens.yaml","I02;I09;I13;I15","SC15;SC26;SC36","INTERNAL;NOT_FOUND;RESTORE_UNVERIFIED;SOURCE_LAYOUT_CHANGED;STORAGE_WRITE_FAILED;X_ACCESS_BLOCKED","E4","COVERED","blocked_by B02 — RATIFIED (OD-20260907-01) · fixture: l-storage-write-blocked-mid-run.json m-three-run-states-distinct-text.json","E2: SC26"
"REQ-S9.1-01","XN","P0","contracts/state/run.yaml;contracts/telegram/delivery.md;precode/decision-register.md","I02;I10;I13","SC03","SOURCE_LAYOUT_CHANGED;STALE_LEASE;STORAGE_WRITE_FAILED","E2","COVERED","AMD-B02 RATIFIED (OD-20260907-01); văn bản cam kết đã chốt · fixture: c-permanent-failure-report-intact.json","PARTIAL_E1_E2: SC03"
"REQ-S9.1-02","XN","P0","contracts/state/run.yaml;precode/baseline.json;precode/decision-register.md","I02;I09;I10;I13","SC15;SC35","CONFLICT;NOT_FOUND;SOURCE_LAYOUT_CHANGED;STALE_LEASE;STORAGE_WRITE_FAILED;UNAUTHORIZED;X_ACCESS_BLOCKED","E4","COVERED","AMD-B02 RATIFIED (OD-20260907-01); văn bản cam kết đã chốt · fixture: k-cancel-from-every-non-terminal.json","PARTIAL_E1_E2: SC15;SC35"
"REQ-S9.1-03","XN","P0","contracts/errors.yaml;contracts/state/delivery.yaml;precode/decision-register.md","I05;I09;I13","SC14;SC25","RATE_LIMITED;TELEGRAM_PERMANENT_FAILURE;TELEGRAM_SEND_UNCERTAIN;UNAUTHORIZED;UNAUTHORIZED_COMMAND","E3","COVERED","AMD-B03 RATIFIED (OD-20260907-01); văn bản cam kết đã chốt","PARTIAL_E1_E2: SC14;SC25"
"REQ-S9.2-01","XN","P0","contracts/data/entities.yaml;contracts/errors.yaml;contracts/retry-policy.yaml;contracts/schemas/ingest-receipt.schema.json;contracts/state/run.yaml;precode/baseline.json;precode/decision-register.md","I02;I10;I15","SC20;SC21;SC31","CAPABILITY_DENIED;IDEMPOTENCY_CONFLICT;INGEST_ACK_LOST;INTERNAL;RESTORE_UNVERIFIED;STALE_LEASE;UNAUTHORIZED;VALIDATION_ERROR;WORKER_LEASE_EXPIRED","E2","COVERED","AMD-B05 RATIFIED (OD-20260907-01); văn bản cam kết đã chốt · fixture: f-ingest-replay-idempotent.json","E1/E2: SC20;SC21;SC31"
"REQ-S9.2-02","XN","P0","precode/decision-register.md","I02;I04;I05;I06;I07;I09;I12;I13;I16","SC50","AI_OUTPUT_INVALID;STORAGE_WRITE_FAILED;TELEGRAM_SEND_UNCERTAIN","E2","COVERED","blocked_by B06 — RATIFIED (OD-20260907-01) · fixture: a-happy-path-schedule-to-delivered.json","PARTIAL_E1_E2: SC50"
"REQ-S9.2-03","XN","P0","contracts/state/analysis.yaml;precode/decision-register.md","I02;I04;I05;I06;I07;I09;I12;I13;I16","SC50;SC54","AI_OUTPUT_INVALID;CONFLICT;IDEMPOTENCY_CONFLICT;STORAGE_WRITE_FAILED;TELEGRAM_SEND_UNCERTAIN","E2","COVERED","AMD-B07 RATIFIED (OD-20260907-01); văn bản cam kết đã chốt · fixture: a-happy-path-schedule-to-delivered.json","PARTIAL_E1_E2: SC50"
"REQ-S9.2-04","XN","P0","contracts/reporting/time-and-tags.md;precode/decision-register.md","I05;I06;I09;I12","SC08;SC19;SC38","CONFLICT;EMBEDDING_GENERATION_MISMATCH;INTERNAL;STORAGE_WRITE_FAILED;TAG_VERSION_STALE;TELEGRAM_SEND_UNCERTAIN","E2","COVERED","AMD-B01 RATIFIED (OD-20260907-01); văn bản cam kết đã chốt · fixture: c-tag-changed-after-publish-before-send.json","E2: SC08;SC38"
"REQ-S9.2-05","XN","P0","contracts/state/delivery.yaml;precode/decision-register.md","I05;I09;I13","SC14","RATE_LIMITED;TELEGRAM_PERMANENT_FAILURE;TELEGRAM_SEND_UNCERTAIN;UNAUTHORIZED","E3","COVERED","AMD-B03 RATIFIED (OD-20260907-01); văn bản cam kết đã chốt","PARTIAL_E1_E2: SC14"
"REQ-S9.2-06","XN","P0","","I02;I04;I05;I06;I07;I09;I12;I13;I16","SC21;SC50","AI_OUTPUT_INVALID;CAPABILITY_DENIED;IDEMPOTENCY_CONFLICT;INGEST_ACK_LOST;INTERNAL;STORAGE_WRITE_FAILED;TELEGRAM_SEND_UNCERTAIN;VALIDATION_ERROR","E2","PARTIAL","blocked_by B07 — RATIFIED (OD-20260907-01) · fixture: a-happy-path-schedule-to-delivered.json · có scenario, chưa được hợp đồng nào trích dẫn","E2: SC21"
"REQ-S9.3-01","XN","P0","contracts/data/entities.yaml;contracts/data/identity.md;contracts/errors.yaml;contracts/retry-policy.yaml;contracts/schemas/worker-assignment.schema.json;contracts/state/run.yaml;precode/decision-register.md","I02;I10;I13","SC04;SC21","CAPABILITY_DENIED;IDEMPOTENCY_CONFLICT;INGEST_ACK_LOST;INTERNAL;STALE_LEASE;VALIDATION_ERROR;WORKER_LEASE_EXPIRED;X_CHALLENGE_REQUIRED","E2","COVERED","AMD-B05 RATIFIED (OD-20260907-01); văn bản cam kết đã chốt","E2: SC21"
"REQ-S9.3-02","XN","P0","contracts/errors.yaml;contracts/ops/collector-probe.md;contracts/retry-policy.yaml;contracts/schemas/worker-assignment.schema.json;contracts/state/run.yaml;precode/decision-register.md","I02;I10;I13","SC03","SOURCE_LAYOUT_CHANGED;STALE_LEASE;STORAGE_WRITE_FAILED","E2","COVERED","AMD-B02 RATIFIED (OD-20260907-01); văn bản cam kết đã chốt","PARTIAL_E1_E2: SC03"
"REQ-S9.3-03","XN","P0","contracts/errors.yaml;contracts/retry-policy.yaml;contracts/state/analysis.yaml;contracts/state/run.yaml;precode/decision-register.md","I04;I06;I14;I16","SC22;SC28;SC56","AI_ATTEMPT_UNCERTAIN;AI_OUTPUT_INVALID;AI_PROVIDER_UNAVAILABLE;CONFLICT","E2","COVERED","AMD-B17 RATIFIED (OD-20260907-01); văn bản cam kết đã chốt · fixture: c-citation-to-unknown-source.json","E2: SC28"
"REQ-S9.3-04","XN","P0","contracts/ai/providers.yaml;contracts/errors.yaml;contracts/retry-policy.yaml;contracts/state/analysis.yaml","I03","SC29","SOURCE_METADATA_UNAVAILABLE;VALIDATION_ERROR","E1","COVERED","blocked_by B13 — RATIFIED (OD-20260907-01) · fixture: h-provider-unavailable-no-fallback.json","E1: SC29"
"REQ-S9.3-05","XN","P0","contracts/ops/internet-boundary.md;precode/decision-register.md","I03;I05;I07;I17","SC07;SC09;SC23","CONFLICT;IDENTITY_CONFLICT;SOURCE_METADATA_UNAVAILABLE","E2","COVERED","AMD-B15 RATIFIED (OD-20260907-01); văn bản cam kết đã chốt","PARTIAL_E1_E2: SC07;SC09;SC23"
"REQ-S9.3-06","XN","P0","contracts/errors.yaml;contracts/retry-policy.yaml;contracts/state/delivery.yaml;contracts/telegram/delivery.md;precode/decision-register.md","I05;I09;I13","SC14","RATE_LIMITED;TELEGRAM_PERMANENT_FAILURE;TELEGRAM_SEND_UNCERTAIN;UNAUTHORIZED","E3","COVERED","AMD-B03 RATIFIED (OD-20260907-01); văn bản cam kết đã chốt · fixture: a-multipart-part2-unknown-no-resend.json","PARTIAL_E1_E2: SC14"
"REQ-S9.3-07","XN","P0","contracts/errors.yaml;contracts/retry-policy.yaml;contracts/schemas/ingest-receipt.schema.json;contracts/state/run.yaml;precode/decision-register.md","I02;I10;I15","SC20;SC21","CAPABILITY_DENIED;IDEMPOTENCY_CONFLICT;INGEST_ACK_LOST;INTERNAL;RESTORE_UNVERIFIED;STALE_LEASE;UNAUTHORIZED;VALIDATION_ERROR;WORKER_LEASE_EXPIRED","E2","COVERED","AMD-B02, AMD-B05 RATIFIED (OD-20260907-01); văn bản cam kết đã chốt","E2: SC20;SC21"
"REQ-S9.3-08","XN","P0","contracts/errors.yaml;contracts/http/openapi.yaml;contracts/ops/backup-restore.md;contracts/ports.yaml;contracts/retry-policy.yaml;contracts/state/run.yaml;contracts/state/storage.yaml;precode/baseline.json;precode/decision-register.md","I02;I13;I15","SC26;SC36","INTERNAL;RESTORE_UNVERIFIED;STORAGE_WRITE_FAILED","E2","COVERED","AMD-B11 RATIFIED (OD-20260907-01); văn bản cam kết đã chốt · fixture: l-storage-write-blocked-mid-run.json","E2: SC26"
"REQ-S9.3-09","XN","P0","precode/decision-register.md","I08;I17","SC13","CONFLICT;IDEMPOTENCY_CONFLICT;UNAUTHORIZED","E2","COVERED","blocked_by B06 — RATIFIED (OD-20260907-01)","E2: SC13"
"REQ-S10.1-01","ĐX","P0","","I02;I04;I05;I06;I07;I09;I12;I13;I16","SC50","AI_OUTPUT_INVALID;STORAGE_WRITE_FAILED;TELEGRAM_SEND_UNCERTAIN","E2","PARTIAL","blocked_by B13 — RATIFIED (OD-20260907-01) · có scenario, chưa được hợp đồng nào trích dẫn","PARTIAL_E1_E2: SC50"
"REQ-S10.1-02","XN","P0","","I02;I04;I05;I06;I07;I09;I12;I13;I16","SC50","AI_OUTPUT_INVALID;STORAGE_WRITE_FAILED;TELEGRAM_SEND_UNCERTAIN","E2","PARTIAL","fixture: l-embedding-generation-switch-blocked.json · có scenario, chưa được hợp đồng nào trích dẫn","PARTIAL_E1_E2: SC50"
"REQ-S10.1-03","XN","P0","contracts/ai/tasks.yaml;precode/decision-register.md","I05;I06;I16","SC10;SC22","AI_OUTPUT_INVALID;AI_PROVIDER_UNAVAILABLE;CONFLICT;TELEGRAM_SEND_UNCERTAIN","E4","COVERED","AMD-B17 RATIFIED (OD-20260907-01); văn bản cam kết đã chốt · fixture: e-late-analysis-pending-then-late-discovery.json sc10-same-analysis-revision-app-and-telegram.json","PARTIAL_E1_E2: SC10;SC22"
"REQ-S10.1-04","ĐX","P0","contracts/reporting/selection.md;precode/decision-register.md","I02;I04;I05;I06;I07;I09;I12;I13;I16","SC50","AI_OUTPUT_INVALID;STORAGE_WRITE_FAILED;TELEGRAM_SEND_UNCERTAIN","E2","COVERED","blocked_by B14 — RATIFIED (OD-20260907-01) · fixture: m-density-worked-example.json","PARTIAL_E1_E2: SC50"
"REQ-S10.1-05","XN","P0","","I02;I04;I05;I06;I07;I09;I12;I13;I16","SC50","AI_OUTPUT_INVALID;STORAGE_WRITE_FAILED;TELEGRAM_SEND_UNCERTAIN","E2","PARTIAL","blocked_by B14 — RATIFIED (OD-20260907-01) · có scenario, chưa được hợp đồng nào trích dẫn","PARTIAL_E1_E2: SC50"
"REQ-S10.2-01","ĐX","P0","","I11;I14","SC16","AI_ATTEMPT_UNCERTAIN;AI_OUTPUT_INVALID;AI_PROVIDER_UNAVAILABLE;CAPABILITY_DENIED","E3","PARTIAL","blocked_by B13 — RATIFIED (OD-20260907-01) · có scenario, chưa được hợp đồng nào trích dẫn","PARTIAL_E1_E2: SC16"
"REQ-S10.2-02","ĐX","P0","contracts/ai/providers.yaml;contracts/ops/internet-boundary.md;contracts/ops/secrets.md;precode/decision-register.md","","","","E0","PARTIAL","blocked_by B13 — RATIFIED (OD-20260907-01) · có hợp đồng, chưa có scenario",""
"REQ-S10.2-03","ĐX","P0","","I11;I14","SC16","AI_ATTEMPT_UNCERTAIN;AI_OUTPUT_INVALID;AI_PROVIDER_UNAVAILABLE;CAPABILITY_DENIED","E3","PARTIAL","có scenario, chưa được hợp đồng nào trích dẫn","PARTIAL_E1_E2: SC16"
"REQ-S10.2-04","ĐX","P0","","I11;I14","SC16","AI_ATTEMPT_UNCERTAIN;AI_OUTPUT_INVALID;AI_PROVIDER_UNAVAILABLE;CAPABILITY_DENIED","E3","PARTIAL","blocked_by B13 — RATIFIED (OD-20260907-01) · có scenario, chưa được hợp đồng nào trích dẫn","PARTIAL_E1_E2: SC16"
"REQ-S10.2-05","ĐX","P0","","I11;I14;I16","SC16;SC55;SC56","AI_ATTEMPT_UNCERTAIN;AI_OUTPUT_INVALID;AI_PROVIDER_UNAVAILABLE;CAPABILITY_DENIED","E3","PARTIAL","có scenario, chưa được hợp đồng nào trích dẫn","PARTIAL_E1_E2: SC16"
"REQ-S10.2-06","KC","P0","contracts/ai/providers.yaml","","","","E0","PARTIAL","blocked_by B13 — RATIFIED (OD-20260907-01) · KC: cần đo thật, phê chuẩn không thay thế được phép đo · có hợp đồng, chưa có scenario",""
"REQ-S10.3-01","ĐX","P0","contracts/ai/grounding.md;precode/decision-register.md","I03;I11;I13","SC11","AI_OUTPUT_INVALID;CAPABILITY_DENIED;RATE_LIMITED;SOURCE_METADATA_UNAVAILABLE;VALIDATION_ERROR","E4","COVERED","fixture: a-post-only-summary-inference-labelled.json","PARTIAL_E1_E2: SC11"
"REQ-S10.3-02","XN","P0","contracts/ai/grounding.md;precode/decision-register.md","I03;I11;I13","SC11","AI_OUTPUT_INVALID;CAPABILITY_DENIED;RATE_LIMITED;SOURCE_METADATA_UNAVAILABLE;VALIDATION_ERROR","E4","COVERED","AMD-B16 RATIFIED (OD-20260907-01); văn bản cam kết đã chốt · fixture: a-post-only-summary-inference-labelled.json","PARTIAL_E1_E2: SC11"
"REQ-S10.3-03","XN","P0","contracts/ai/grounding.md","","","","E0","PARTIAL","có hợp đồng, chưa có scenario",""
"REQ-S10.3-04","XN","P0","contracts/ai/grounding.md;contracts/reporting/selection.md;precode/decision-register.md","","","","E0","PARTIAL","blocked_by B14 — RATIFIED (OD-20260907-01) · fixture: m-density-worked-example.json · có hợp đồng, chưa có scenario",""
"REQ-S10.3-05","XN","P0","contracts/ai/grounding.md;contracts/reporting/time-and-tags.md;precode/decision-register.md","","","","E0","PARTIAL","AMD-B08 RATIFIED (OD-20260907-01); văn bản cam kết đã chốt · có hợp đồng, chưa có scenario",""
"REQ-S10.3-06","XN","P0","contracts/ai/grounding.md;precode/decision-register.md","I03;I11;I13","SC11","AI_OUTPUT_INVALID;CAPABILITY_DENIED;RATE_LIMITED;SOURCE_METADATA_UNAVAILABLE;VALIDATION_ERROR","E4","COVERED","","PARTIAL_E1_E2: SC11"
"REQ-S10.4-01","XN","P0","","I02;I04;I05;I06;I07;I09;I12;I13;I14;I16","SC50;SC55","AI_OUTPUT_INVALID;AI_PROVIDER_UNAVAILABLE;STORAGE_WRITE_FAILED;TELEGRAM_SEND_UNCERTAIN","E2","PARTIAL","fixture: a-happy-path-schedule-to-delivered.json · có scenario, chưa được hợp đồng nào trích dẫn","PARTIAL_E1_E2: SC50"
"REQ-S10.4-02","XN","P0","contracts/ai/tasks.yaml;contracts/state/analysis.yaml;precode/decision-register.md","I04;I05;I14;I16","SC06;SC28;SC54","AI_ATTEMPT_UNCERTAIN;AI_OUTPUT_INVALID;AI_PROVIDER_UNAVAILABLE;CONFLICT;IDEMPOTENCY_CONFLICT","E2","COVERED","AMD-B07 RATIFIED (OD-20260907-01); văn bản cam kết đã chốt","E2: SC28"
"REQ-S10.4-03","XN","P0","contracts/ai/tasks.yaml;contracts/reporting/selection.md;contracts/reporting/time-and-tags.md;contracts/state/report.yaml;precode/decision-register.md","I06","SC22","AI_OUTPUT_INVALID;AI_PROVIDER_UNAVAILABLE;CONFLICT","E2","COVERED","AMD-B04, AMD-B17 RATIFIED (OD-20260907-01); văn bản cam kết đã chốt · fixture: e-late-analysis-pending-then-late-discovery.json","PARTIAL_E1_E2: SC22"
"REQ-S11.1-01","XN","P0","contracts/ops/secrets.md;precode/baseline.json;precode/decision-register.md","I01","SC40","CSRF_REJECTED;FORBIDDEN_EDGE;UNAUTHORIZED","E2","COVERED","","PARTIAL_E1_E2: SC40"
"REQ-S11.2-01","XN","P0","contracts/ai/providers.yaml;contracts/errors.yaml;contracts/http/openapi.yaml;contracts/ops/secrets.md;contracts/ports.yaml","I01;I08;I11","SC17;SC41;SC49","AI_OUTPUT_INVALID;CAPABILITY_DENIED;FORBIDDEN_EDGE;RESTORE_UNVERIFIED;UNAUTHORIZED;UNAUTHORIZED_COMMAND","E3","COVERED","blocked_by B13 — RATIFIED (OD-20260907-01)","PARTIAL_E1_E2: SC17;SC41;SC49"
"REQ-S11.2-02","XN","P0","contracts/ops/backup-restore.md;contracts/ops/secrets.md;precode/baseline.json","I01;I02;I08;I10;I11;I15","SC20;SC41;SC49","CAPABILITY_DENIED;FORBIDDEN_EDGE;RESTORE_UNVERIFIED;STALE_LEASE;UNAUTHORIZED;UNAUTHORIZED_COMMAND;WORKER_LEASE_EXPIRED","E2","COVERED","","E2: SC20"
"REQ-S11.2-03","XN","P0","contracts/ops/backup-restore.md;contracts/ops/secrets.md","I11","SC47","RATE_LIMITED;UNAUTHORIZED_COMMAND;VALIDATION_ERROR","E2","COVERED","blocked_by B12 — RATIFIED (OD-20260907-01)","E2: SC47"
"REQ-S11.2-04","XN","P0","contracts/ops/secrets.md;precode/decision-register.md","I08;I11","SC18;SC46","CSRF_REJECTED;FORBIDDEN_EDGE;NOT_FOUND;UNAUTHORIZED_COMMAND;VALIDATION_ERROR","E2","COVERED","AMD-B09 RATIFIED (OD-20260907-01); văn bản cam kết đã chốt · fixture: e-transcript-secret-canary.json","E2: SC18"
"REQ-S11.2-05","XN","P0","contracts/ops/internet-boundary.md;contracts/ops/secrets.md","I11","SC17","AI_OUTPUT_INVALID;CAPABILITY_DENIED;FORBIDDEN_EDGE;UNAUTHORIZED","E3","COVERED","","PARTIAL_E1_E2: SC17"
"REQ-S11.2-06","XN","P0","contracts/ops/internet-boundary.md;contracts/ops/secrets.md","I01;I11","SC49","CAPABILITY_DENIED;FORBIDDEN_EDGE;RESTORE_UNVERIFIED;UNAUTHORIZED;UNAUTHORIZED_COMMAND","E2","COVERED","","PARTIAL_E1_E2: SC49"
"REQ-S11.3-01","XN","P0","contracts/data/entities.yaml;contracts/http/openapi.yaml;contracts/ops/secrets.md;contracts/ports.yaml;contracts/telegram/commands.yaml;precode/decision-register.md","I11","SC18","CSRF_REJECTED;FORBIDDEN_EDGE;UNAUTHORIZED_COMMAND","E2","COVERED","blocked_by B09 — RATIFIED (OD-20260907-01) · fixture: g-link-code-used-twice.json i-unknown-chat-valid-code-format.json","E2: SC18"
"REQ-S11.3-02","XN","P0","contracts/data/entities.yaml;contracts/errors.yaml;contracts/http/openapi.yaml;contracts/modules.yaml;contracts/ops/internet-boundary.md;contracts/ops/secrets.md;contracts/state/delivery.yaml;contracts/telegram/commands.yaml;precode/baseline.json;precode/decision-register.md","I11","SC18;SC47","CSRF_REJECTED;FORBIDDEN_EDGE;RATE_LIMITED;UNAUTHORIZED_COMMAND;VALIDATION_ERROR","E2","COVERED","AMD-B09 RATIFIED (OD-20260907-01); văn bản cam kết đã chốt · fixture: g-link-code-used-twice.json h-unknown-chat-status-silent.json i-unknown-chat-valid-code-format.json","E2: SC18;SC47"
"REQ-S11.3-03","XN","P0","contracts/data/entities.yaml;contracts/telegram/commands.yaml;precode/decision-register.md","I10;I11;I13","SC18;SC33;SC45","CONFLICT;CSRF_REJECTED;FORBIDDEN_EDGE;UNAUTHORIZED_COMMAND;VALIDATION_ERROR","E2","COVERED","AMD-B10 RATIFIED (OD-20260907-01); văn bản cam kết đã chốt · fixture: h-unknown-chat-status-silent.json i-run-now-while-active.json","E2: SC18;SC33"
"REQ-S11.3-04","ĐX","P0","contracts/telegram/commands.yaml;contracts/ui/screens.yaml;precode/decision-register.md","I09","SC25","TELEGRAM_PERMANENT_FAILURE;UNAUTHORIZED_COMMAND","E2","COVERED","AMD-B10 RATIFIED (OD-20260907-01); văn bản cam kết đã chốt · fixture: d-unlink-before-send-cancelled.json e-relink-old-generation-cancelled.json","PARTIAL_E1_E2: SC25"
"REQ-S11.3-05","XN","P0","contracts/telegram/commands.yaml","","","","E0","PARTIAL","có hợp đồng, chưa có scenario",""
"REQ-S11.4-01","XN","P0","contracts/ai/grounding.md;contracts/http/openapi.yaml;contracts/ops/internet-boundary.md;contracts/ports.yaml","I11","SC17;SC39","AI_OUTPUT_INVALID;CAPABILITY_DENIED;FORBIDDEN_EDGE;RATE_LIMITED;SOURCE_METADATA_UNAVAILABLE;UNAUTHORIZED","E3","COVERED","blocked_by B13 — RATIFIED (OD-20260907-01) · fixture: b-instruction-injection-in-post.json","PARTIAL_E1_E2: SC17;SC39"
"REQ-S11.4-02","XN","P0","contracts/ai/grounding.md;contracts/ops/internet-boundary.md","I11","SC17","AI_OUTPUT_INVALID;CAPABILITY_DENIED;FORBIDDEN_EDGE;UNAUTHORIZED","E3","COVERED","blocked_by B13 — RATIFIED (OD-20260907-01) · fixture: b-instruction-injection-in-post.json f-tool-request-in-transcript.json","PARTIAL_E1_E2: SC17"
"REQ-S11.4-03","XN","P0","contracts/ai/grounding.md;contracts/ops/internet-boundary.md;contracts/ops/secrets.md;precode/baseline.json;precode/decision-register.md","I11","SC17;SC39","AI_OUTPUT_INVALID;CAPABILITY_DENIED;FORBIDDEN_EDGE;RATE_LIMITED;SOURCE_METADATA_UNAVAILABLE;UNAUTHORIZED","E3","COVERED","blocked_by B13 — RATIFIED (OD-20260907-01) · fixture: b-instruction-injection-in-post.json e-transcript-secret-canary.json","PARTIAL_E1_E2: SC17;SC39"
"REQ-S11.4-04","XN","P0","contracts/ops/internet-boundary.md","","","","E0","PARTIAL","blocked_by B13 — RATIFIED (OD-20260907-01) · có hợp đồng, chưa có scenario",""
"REQ-S13-01","XN","P0","contracts/ops/collector-probe.md","","","","E0","PARTIAL","blocked_by B12;B05 — RATIFIED (OD-20260907-01) · phủ bằng cổng G5/G6 (precode/gates.yaml), không bằng scenario · có hợp đồng, chưa có scenario",""
"REQ-S13-02","UQ","P0","","","","","NONE","PARTIAL","blocked_by B06 — RATIFIED (OD-20260907-01) · phủ bằng cổng G5/G6 (precode/gates.yaml), không bằng scenario",""
"REQ-S13-03","UQ","P0","","","","","NONE","PARTIAL","blocked_by B06;B15 — RATIFIED (OD-20260907-01) · phủ bằng cổng G5/G6 (precode/gates.yaml), không bằng scenario",""
"REQ-S13-04","UQ","P0","","","","","NONE","PARTIAL","phủ bằng cổng G5/G6 (precode/gates.yaml), không bằng scenario",""
"REQ-S13-05","UQ","P0","","","","","NONE","PARTIAL","blocked_by B01;B17 — RATIFIED (OD-20260907-01) · phủ bằng cổng G5/G6 (precode/gates.yaml), không bằng scenario",""
"REQ-S13-06","UQ","P0","","","","","NONE","PARTIAL","blocked_by B14 — RATIFIED (OD-20260907-01) · phủ bằng cổng G5/G6 (precode/gates.yaml), không bằng scenario",""
"REQ-S13-07","UQ","P0","","","","","NONE","PARTIAL","blocked_by B03;B09;B10 — RATIFIED (OD-20260907-01) · phủ bằng cổng G5/G6 (precode/gates.yaml), không bằng scenario",""
"REQ-S13-08","UQ","P0","","","","","NONE","PARTIAL","blocked_by B02;B08 — RATIFIED (OD-20260907-01) · phủ bằng cổng G5/G6 (precode/gates.yaml), không bằng scenario",""
"REQ-S13-09","UQ","P0","contracts/errors.yaml;contracts/ops/backup-restore.md;contracts/state/storage.yaml;precode/decision-register.md","I09;I10;I13;I15","SC27","RESTORE_UNVERIFIED;STALE_LEASE;STORAGE_WRITE_FAILED;TELEGRAM_SEND_UNCERTAIN","E2","COVERED","AMD-B11 RATIFIED (OD-20260907-01); văn bản cam kết đã chốt","E2: SC27"
"REQ-S13.2-01","XN","P0","contracts/ops/collector-probe.md;contracts/ops/internet-boundary.md","","","","E0","PARTIAL","XN 2026-09-07 theo OD-20260907-04 mục 2 (AUTH-OWNER-20260907-05): đồng bộ với precode/requirements.csv. Được giải BẰNG TÀI LIỆU, không bằng phép đo — dòng này chỉ yêu cầu đọc tài liệu VỀ nhịp gọi và yêu cầu định danh, không khẳng định có một yêu cầu định danh; câu trả lời là KHÔNG nguồn nào đòi định danh (arXiv không yêu cầu; OpenAlex api_key tùy chọn). Nhịp gọi: arXiv 1 request/3 giây và 1 kết nối; OpenAlex 100 request/giây. Xem precode/decision-register.md §8.13.2 và evidence/handoffs/PC03-REQA6-handoff.md. Luật SG-IDENT giữ nguyên trong code. · coverage_status GIỮ PARTIAL: có hợp đồng, CHƯA có scenario — trạng thái yêu cầu đã giải không tự tạo ra một scenario.",""
"REQ-S13.2-02","KC","P0","contracts/ai/providers.yaml;contracts/capabilities.yaml;contracts/ops/cli-acp-probe.md;contracts/ops/internet-boundary.md;contracts/ops/secrets.md","","","","E0","PARTIAL","blocked_by B13 — RATIFIED (OD-20260907-01) · KC: cần đo thật, phê chuẩn không thay thế được phép đo · có hợp đồng, chưa có scenario",""
"REQ-S13.2-03","XN","P0","contracts/ai/providers.yaml;contracts/ops/cli-acp-probe.md","","","","E0","PARTIAL","blocked_by B13 — RATIFIED (OD-20260907-01) · có hợp đồng, chưa có scenario",""
"REQ-S13.2-04","XN","P0","contracts/ops/collector-probe.md;contracts/ops/internet-boundary.md;contracts/ports.yaml;contracts/state/run.yaml","","","","E0","PARTIAL","có hợp đồng, chưa có scenario",""
